,상호명
참숯골,773
우도일식,729
서울시청매점,700
구이구이,647
곰국시집,494
서울시청구내식당,409
동해일식,399
무교소호정,362
동해수산,331
바닷가작은부엌,319
스타벅스,319
라칸티나,309
한가람,308
동원참치,304
더테이블한정식,295
삼우정,278
어미가,276
제일가든,274
오리마당,259
파리바게뜨,259
복성각,256
월향,256
열빈,230
무교동낙지,229
남포면옥,223
（주）바닷가작은부엌,217
포메인,205
서라벌,205
마마스,202
대상자 소속부서,199
금강산,195
오복미역,194
창고43,190
대복,189
낙동강,188
목포세발낙지,180
주식회사　동원브이아,178
산채향,176
여수바다장어,175
영덕회식당,175
원주추어탕,170
왕왕샤브샤브,169
닥터로빈,169
만복림,166
서울시청신매점,164
서울삼계탕,164
강가,158
라그릴리아,150
충무집,149
이나니와요스케,144
호아빈,143
리틀타이,142
배수사,140
더테이블,133
다한우,129
오륙도,129
본도시락,128
뚜리삼,127
훈민정,124
장호왕곱창,124
구팡돌할매보쌈,123
다락,123
월매네남원추어탕,123
남산집,122
진주회관,120
세림,120
생어거스틴,120
（주）뚜리삼,118
청송옥,118
메이징에이,117
민소한우,116
더미,115
아하바,109
해우리,108
스패뉴,107
참복집,105
전주회관,105
우리집순두부,104
왕왕생고기,103
미가한식,101
왕비집,99
소라,97
라그릴리아광화문점,97
천상,96
투썸플레이스,96
한미리,94
육대장,94
북창터,93
나주곰탕,93
붓처스컷,89
달개비,88
대가일식,87
시청매점,87
정동집,86
잼배옥,85
창고４３시청점,85
장안삼계탕,84
프레스클럽,84
부민옥,84
고려삼계탕,83
이북만두,83
신가원설렁탕,82
제주본가,82
（주）월향,82
어반가든,81
남산복집,80
배재반점,80
（주）스타벅스커피코,79
정동국밥,79
삼원,78
남도한식 고운님,78
한라담,77
안동국시,77
두르가,76
싱카이,75
주식회사다한우,74
용금옥,74
신의주찹쌀순대,73
서울불고기,73
유림분식집,72
초류향,72
참맛순대국,71
교동전선생,71
엘쁠라또,70
돈수백,70
싱카이 광화문,70
롯데쇼핑주식회사,70
롯데쇼핑,70
고려보쌈,69
카페그레벵,68
폴바셋,67
행복플러스,67
반갑다하대포,66
송학,65
투뿔등심,65
카페그레뱅,65
열빈（광화문점）,65
그레뱅코리아,64
삼원일식,64
창고43시청점,64
커피빈,64
사직골,63
신성식당,63
남도한식,62
불고기브라더스,62
몽중헌,62
주식회사해우리무교점,62
버거킹,61
명동칼국수,61
고냉지,61
서울특별시립장애인생,61
본도시락　서울시청점,60
파리바게뜨　무교ＹＧ,59
원대구탕,59
손가명가,59
호아빈오리진,59
완산골명가,58
춘산,58
행복플러스 신청사점,58
농민백암순대,58
한화호텔앤드리조트,58
카페 그레벵,58
할리스커피,58
부산갈매기,58
진미족발,57
커피빈코리아,57
（주）닥터로빈시청,57
토속정,57
포베이무교점,57
한우마당,57
구내식당,57
중국성,56
설가온,56
돈궁,56
（주）강가,56
서울시청카페／뜨락,56
해조스시,55
돌담집,55
엔제리너스커피,55
던킨도너츠,55
장군보쌈,55
탐앤탐스,55
대가,54
오징어풍경,54
쏘렌토,54
이십사절기,54
유로구르메,53
일품가든,53
（주）바이오비즈　이,53
강서면옥,53
한와담,52
이화수,52
미스터피자,52
진도집,51
한국야쿠르트,51
태애진숯불갈비,51
진동횟집,51
한성,50
광화문양갈비,50
도미노피자,50
혼신마켓,49
예환,49
동원참치 서울시청점,49
애성회관,49
더미　시청점,49
신안촌,49
춘산에프앤비,48
오양식관,48
제주흑돈,48
포베이,48
달개비자연음식,47
파리바게트,47
식객촌,46
청주,46
해우리 무교점,46
열빈 광화문점,45
아리스타커피,45
（주）리틀타이,45
소호정,45
오는정,45
매드포갈릭,45
（주）한미리푸드어소,44
더플레이스,44
무교동북어국집,44
더루이,44
묵호회집,44
속초생태집,44
남도한식　고운님,43
동원브이아이피,43
엔제리너스,43
동원브이아이피참치,43
흑산도홍어본가,43
일품당샤브샤브,43
（주）달개비자연음식,42
신가원　설렁탕,42
신호북창동점,42
황부자,42
㈜월향,42
우드앤브릭,42
한국관,41
용궁해물샤브킹,40
지구마을,40
남강,39
창고４３무교점,39
미락식당,39
서울시청 구내식당,38
전주집,38
원님곰탕,38
김삼보,38
미다래,38
부추밭,38
장터,37
㈜바닷가작은부엌,37
카페　그레벵（Ｃａｆ,37
바닷가작은부엌덕수궁점,37
남도한식고운님,37
동호민물장어,37
동원청과,37
남도미가,37
창고４３무교점／（주,36
시청구내식당,36
복이오,36
동원민물장어,36
행복한하루소바,35
문어세상,35
신성,35
（주）춘산에프앤비,35
ＥＵＲＯＧＯＵＲＭＥ,34
일리컴퍼니,34
사보텐,34
파리바게뜨서소문점,34
오후청,34
보나베띠정동점,33
덕수정,33
오군순두부,33
몽로,33
루이,32
온더보더,32
제주성고기마루,32
한국회관,32
이화수육개장,32
갯마을낙지,32
광화문몽로,32
무교원원대구탕,32
엉터리생고기,31
행복전집,31
남이섬,31
㈜뚜리삼,31
인천집,31
시별리사리원,31
중구가정대리점,31
피자에땅,31
흥부가,31
스타벅스커피,31
미자네닭전문점,31
너섬가,30
하동관,30
（주）에스지다인힐붓,30
한화호텔앤드리조트（,30
（주）오디푸드시스템,30
키사라 광화문,30
안성또순이,30
신호,29
더후라이팬,29
식탁,29
바다양푼이동태탕,29
카페　그레벵,29
메이드인시카고피자,29
오양회참치,29
더미 시청점,29
강남면옥,29
향촌,28
송원복집,28
키사라,28
맘초이,28
디쉬룸,28
스노우폭스,28
아바,28
차알,28
엔제리너스무교점,28
투썸플레이스서울시청,27
맥도날드,27
파리크라상,27
공차,27
（주）더루이광화문지,27
북창식당,27
양미옥,27
센트럴에프엔비유한회,27
제씨찬,27
창고43 무교점,26
（주）초류향,26
고바우,26
어상,26
만점족,26
더제이케이키친박스,26
발우공양,26
현대칼국수,26
（주）미스터피자　청,26
정원순두부,26
동해도광화문,26
무교소호정 서울 중구 무교로 17-25,26
북창동순두부,26
정동길,26
둘둘치킨,25
닥터로빈 시청점,25
봉추찜닭,25
무교동수제비,25
한라담　제주돼지　숯,25
스타일카페,25
주식회사　어반가든,25
두메라,25
철판＆부대찌개브라더,25
파워프랜트,25
브라카,25
양가,25
영일원,25
새마을식당,25
지구마을사회적협동조,25
딘타이펑,25
창고４３,25
더라운지,24
스패뉴　시청지점,24
시청연금매점,24
동원참치 브이아이피,24
오징어　풍경,24
샤이바나,24
시청카페,24
설리반스트리트,24
할리스커피 무교점,24
동신참치서소문점,23
（주）플라토스호스피,23
미가,23
이태원천상,23
오오토모,23
유래회관,23
피자헛,23
동광청과,23
기린,23
카페돌담콩,23
투썸서소문,23
처가집,23
늘솜,23
동해도,23
철철,22
동신참치,22
이디야,22
불타는다동화로,22
빚은,22
㈜다한우,22
지구마을사회적협동조합,22
교보문고,22
강릉동화가든,22
빈스앤베리즈,22
산불,22
포도나무,22
（주）도레도레,22
김앤장,22
（주）한화비앤비／빈,22
대원집,22
쿠팡,21
여자만,21
무교동유림낙지,21
테이스터스,21
창고43무교점,21
해우리무교점,21
（주）김삼보,21
모두갈비,21
킴스패스,21
서울시청 매점,21
사조참치무교점,21
명동교자,20
팔팔전골,20
장안문,20
소공,20
광화문　몽로,20
남원추어탕,20
필동면옥,20
（주）육대장　옛날전,20
도레도레,20
정든다락,20
피자헛독립문점,20
우리집　순두부,20
프레스센터,20
더　후라이팬　시청점,20
가정옥,20
투뿔등심　광화문,20
영덕회식당（시청점）,20
홍대포,20
켈리스코사보텐ＳＦＣ,20
할리스커피무교점,20
서소문연탄구이,20
퀴즈노스,19
사누키야본점,19
북창동청국장집,19
투데이,19
북경,19
이십사절기　서울파이,19
LA북창동순두부,19
롯데쇼핑（주）롯데마,19
투썸,19
사조참치,19
대게향,19
가마솥김밥,19
죽이야기,19
나무와벽돌,19
（주）커피빈코리아,19
육각상회,19
㈜해피머니아이엔씨,19
어반스테이,19
더제이케이　키친박스,19
본죽,19
장군보쌈족발,19
사까에,19
청도탑마트,19
스몰하우스빅도어비스,19
코리아나호텔,19
하남돼지집,18
보나베띠,18
바스버거,18
펌킨,18
이화고려도,18
길들여지기,18
뜨락,18
라그릴리아 광화문점,18
이화수　전통육개장,18
권명옥가마솥나주곰탕,18
맛나바베큐,18
갓텐스시,18
㈜그레뱅코리아,18
오복미역을지로점,18
홉씨,18
진동집,18
에슬로우,18
투썸플레이스　서소문,17
세븐일레븐,17
호시노켄켄,17
신씨화로,17
롯데마트,17
이화고려정,17
이지샐러드,17
（주）차차　광화문점,17
나무가있는집,17
손가황구네,17
해피머니아이엔씨,17
맥도날드서울시청점,17
엔제리너스 무교점,17
경성양꼬치,17
놀부부대찌개,17
코코호도서소문점,17
매점,17
스몰하우스빅도어비스트로,17
신가원,17
본죽＆비빔밥　시청점,17
콩두,17
사누키야,17
흑산도 홍어본가,17
왕비집 시청점,17
혼신마켓　광화문점,17
청주회관,17
수,17
커피락,17
서울　불고기,17
５５번가,17
루핀,16
한식문화관,16
카페뜨락,16
왕왕수제비,16
한국피자헛,16
초당,16
삼다도,16
FC외식 프레스센터,16
누리,16
남매집,16
광화문국밥,16
아티제,16
왕비집시청점,16
골드바틀,16
마포만두,16
가메골옛날손왕만두,16
고상,16
대방골,15
림벅와플,15
ＢＫＲ버거킹시청역점,15
（주）해피머니아이엔,15
광화문 몽로,15
싱카이＿광화문,15
알파문구,15
잔칫집,15
에뜨랑제,15
곰국시집 서울 중구 무교로 24,15
북촌손두부,15
순남시래기,15
㈜바닷가작은부엌덕수궁점,15
승환네,15
챠이나프로,15
에뜨랑제레스토랑,15
본도시락（서소문점）,15
해담채,15
목멱산방,15
통인가게,15
효창에프씨,15
정동국시,15
딩호　양꼬치,15
황소막창,15
딩호양꼬치,15
깐부치킨,15
동원브이아,15
한화호텔앤드리조트（서울 중구 세종대로 124),15
이대복집,15
방일해장국정동점,15
림벅,15
고담,15
（주）무교원원대구탕,15
동원집,15
홍도참치,15
전광수커피하우스,14
목포독천낙지,14
코코호도,14
솔모랑깡장집,14
（주）스타일카페,14
서울시청구내식당 서울 중구 세종대로 110,14
빈스앤베리스,14
논두렁찰보리밥,14
낙동강 서울 중구 을지로1길 32-3,14
한국도서보급,14
흑돈애,14
갈매기집,14
중림장,14
수래연,14
배수사 서울 중구 남대문로9길 12,14
더플레이스　광화문Ｓ,14
동아리,14
스타,14
동원VIP참치,14
사이공,14
한류관,14
㈜김삼보,14
시카고피자,14
대포항,14
링코서울시청점,14
서울시청카페뜨락,14
화정,13
소문난쭈꾸미,13
차차,13
루소랩,13
허머스키친,13
신호 북창동점,13
바이오비즈,13
아이,13
풍년식당,13
와라이,13
ＥＵＲＯＧＯＵＲＭＥ 서울 중구 세종대로 136,13
대운양꼬치,13
사조미가,13
뚝심,13
삼성빨간양념,13
홍신약국,13
미시령너머,13
참숯골 서울 중구 무교로 16,13
서울청과,13
（주）만점족태평로지,13
켄켄시청점,13
해명,13
행복플러스 서울시청점,13
새봄떡국국수,13
평가옥,13
약초마을,13
원조청진옥,13
한일관,13
행복플러스카페,13
창고43 시청점,13
동방명주,13
플라토스호스피,12
고향집,12
닥터로빈시청,12
GS25,12
네슬레코리아,12
창고43 중구 무교로21,12
곤드레,12
가진화랑,12
포메인서울시청점,12
주식회사 동원브이아,12
청진만남,12
오두막,12
회,12
촌장골,12
전주식당,12
㈜늘솜,12
선천,12
영천마트,12
켄켄,12
아워홈맘초이,12
시골집,12
（주）태그린샤이바나,12
한육감,12
불볶이와튀김범벅,12
이화수 무교점,12
황금정,12
해마루,12
（주）이마트용산점,12
동해수산 서울 중구 무교로 16,12
서울시청매점 서울 중구 서소문동,12
을지면옥,12
예향,12
프레스클,12
흑산도　홍어본가,12
깡장집,12
코리아세븐,12
미소면가,12
경복궁,12
라그릴리아 광화문,12
묵호횟집,12
코코브루니,12
곰국시,12
마노디셰프　명동점,12
별미삼청수제비,12
가화,12
강촌,12
송원스끼야끼샤브샤브,11
배제반점,11
태성골뱅이,11
（주）식객촌　태평로,11
친니,11
엠엠피아이（주）,11
화목,11
최고집갈비밥상,11
서울고기집,11
만리성,11
순천만,11
김치만선생,11
행복한베이커리＆카페,11
피자알볼로,11
디얼루어,11
현대본가,11
영덕막회,11
육미,11
서울화반,11
가나일식,11
서울특별시립장애인생산,11
배수사 중구 남대문로9길 12,11
바스버거 광화문점,11
（주）유래회관,11
큐스,11
내외주가,11
크리스탈제이드,11
싸바치킨,11
멘무샤,11
광화문아띠,11
쌀빵,11
좋은날,11
진고개,11
부처스컷,11
그레벵,11
.,11
스쿨푸드,11
남양집,11
더미　시청점 서울 중구 남대문로9길 40,11
주식회사　진곰,11
종로빈대떡,10
한촌설렁탕,10
한뫼촌,10
서울식당,10
삼원 서울 중구 무교로 32,10
파스쿠찌,10
바다일번지 회동,10
도로시앤,10
로봇김밥배재정동점,10
무한장소,10
만수옥,10
프란치스꼬회,10
설리반,10
달큰커피,10
카페 그레뱅,10
케익날다,10
차이나플레인,10
만점족태평로2지점,10
대추나무집,10
우정,10
오구반점,10
FC외식,10
중화각,10
마노디셰프,10
다동커피집,10
정동곰탕,10
한국피자헛　종로본점,10
（주）식객촌,10
펌푸드서비스,10
청오디피케이（주）서,10
딩호 양꼬치,10
㈜타니 본점,10
현선이네,10
바지락칼국수,10
띤띤,10
향설주랑,10
우정낙지,10
（주）현대본가,10
스타킹크랩,10
㈜한국문화진흥,10
옴레스토랑,10
아일,10
마마스 서울 중구 무교로 16,10
무교동그집,10
백년토종삼계탕,10
（주）더루이（루이）,10
스시효,10
빚은무교점,10
깡돈,10
본도시락 서울시청점,10
파리크라상광화문점,10
주유별장,10
정원찌개마을,10
원당뼈다귀감자탕,10
삼정,9
올래,9
다한우 정육식당,9
청키면가,9
삼전회전초밥,9
구팡돌　할매보쌈,9
투썸서울시청,9
엘쁠라또 광화문점,9
졍동국시,9
대성골뱅이,9
러브앤러브,9
예성한식,9
（주）아이닛시／공차,9
파워플랜트,9
（주）이티앤제우스불,9
네이버,9
두림,9
대영기업（주）／놀부,9
양평매운탕,9
태진복집,9
충무로　사랑방식당,9
세븐스프링스,9
멘무샤시청점,9
스시트로,9
한국도서보급㈜,9
중화원,9
고봉삼계탕,9
（주）케이에스비케이,9
연타발,9
일품（ ）가든,9
프레스콜,9
이피쿱,9
다동골,9
（주）아워홈맘초이Ｅ,9
파리바게뜨　무교ＹＧ 서울 중구 남대문로9길,9
박운용문어집,9
남산골,9
다쯔미,9
퀴즈노스　시청　대한,9
문어야시청점,9
비알코리아（주）시청,9
무교원대구탕,9
양가곱창,9
짱이네,9
옥션,9
주식회사비케이알／버,9
레몬마트,9
대게식당,9
용궁횟집,9
（주）교보문고／상품,9
우도일식 서울 중구 세종대로 124,9
아띠,9
대련집,9
고려　보쌈,9
트리안카페,9
55번가,9
큰기와집,9
마산집,9
알뜰골뱅이,9
청진옥,8
컴온샌드위치앤드커피,8
핏제리아　꼬또　그랑,8
마포홍대포,8
뚝심한우시청점／주식,8
채선당,8
동영관,8
어부가,8
2대복집,8
시청 구내식당,8
마루,8
모모식당,8
잔치집,8
롤링핀,8
열빈광화문점,8
（주）미스터피자,8
（주）커피빈코리아／,8
강가 무교점,8
쿠로야,8
포메인 서울 중구 무교로 13,8
장인우족곰탕,8
토속촌,8
뚜리삼 중구 청계천로8,8
제일가든 중구 무교로,8
옛고을,8
우리카드,8
대성집,8
고운님,8
하누소,8
우리집 순두부,8
뉴서울사진기，설리반,8
（주）파피루스　시청,8
거부,8
서울첫번째전통찻집,8
（주）강가 서울 중구 세종대로 136,8
메이드　인　시카고피,8
담소사골순대,8
빌리엔젤,8
삼우오펠리스,8
유메일식,8
서울시청카페 뜨락,8
소울푸드코리아,8
대상해,8
시청신매점,8
갯마을,8
봉우리,8
정동길초밥,8
리치,8
본도시락　서울시청점 서울 중구 세종대로 66-5,8
고랭지,8
제일회관,8
마마스커피전문점,8
놀부부대찌개＆철판볶,8
합,8
미진,8
양평해장국,8
동강나루터,8
금강산 서울 중구 세종대로20길 15,8
팔라죠듀에,8
주플라워,8
오매가매,8
진주집,8
순희네빈대떡,8
유로구르메 광화문점,8
혼돈부리,8
빈즈앤베리즈,8
참숯골 중구 무교로 16,8
칸지고고,8
발우,8
오복미역 서울 중구 남대문로9길 40,8
프레스센터프레스클,8
신가원　설렁탕 서울 중구 을지로1길 10,8
더레스토랑,8
서소문 파리바게뜨,8
한라의집,8
소문,8
우도일식 중구 세종대로 124,8
다끼야,8
한옥집,8
만선,8
대송,8
북창동꼬치구이,7
신의주부대찌개시청점,7
청일집,7
신촌서서갈비,7
빈스배리,7
㈜리틀타이,7
은정,7
식량도시식당,7
보리밥,7
주스탐,7
크리스탈제이드핫팟레,7
버거킹 무교점,7
한마니순대,7
쥬씨,7
명동칼국수（시청점）,7
애슐리,7
서브웨이시청점,7
유림분식,7
계동피자,7
사천이모집,7
평양면옥,7
부머스,7
FC외식 프레스센터프레스쿨,7
들풀,7
다원,7
빚은시청점,7
세양원,7
다담정식,7
（화정）,7
남포면옥 중구 을지로3길 24,7
청오디피케이（주）,7
충무집김밥,7
신가원 설렁탕,7
원당뼈다귀해장국,7
바다일번지,7
샌드위밋,7
스타벅스 서소문점,7
풍석원,7
토다이,7
파비아（Ｐａｖｉａ）,7
（주）광화문진진바라,7
（주）에스지다인힐붓 서울 중구 세종대로 136,7
르풀,7
곰마루,7
포메인 중구 무교로13,7
가마솥김밥（시청점）,7
희락,7
FC외식프레스센터,7
롯데마트 서울역점,7
파리바게뜨 무교ＹＧ,7
함흥면옥,7
㈜스타일카페,7
원흥루,7
옵스,7
（주）바이오비즈,7
하대포,7
여자만별관,7
이나니와 요스케,7
낙원떡집,7
이도식당,7
포베이 무교점,7
붓처스컷 광화문,7
첸차이나,7
방스만두,7
엠엠피아이,7
천강에비친달,7
㈜강가,7
이디야커피,7
동해수산 중구 무교로 16,7
찰스숯불김밥,7
이태원천상 서소문점,7
테라로사　광화문지점,7
향설주량,7
참치명가,7
타이산,7
㈜춘산에프앤비,7
주식회사　동원브이아 서울 중구 세종대로22길,7
언노운커피７,7
용강 생고기,7
양반댁,7
㈜만점족,7
동성각,7
（주）세븐스프링스,7
일편단심,7
명동삼계탕,7
한가람 중구 을지로,7
가마솥나주곰탕,7
하마랑,7
지리산,7
에머이,7
해피머니아이엔,7
스타벅스커피코,7
라칸티나 서울 중구 을지로,7
고래뱃속,7
나주곰탕나주전,7
㈜무교원원대구탕,7
돈치킨,7
카페 그래뱅,7
（주）예성한식,7
주식회사다한우 서울 중구 남대문로1길 51,7
풀바셋,7
유로 구르메,7
외백,7
㈜삼우오펠리스,7
우정사업본부,7
계단집,7
해피머니아이앤씨,7
곰솔,7
현대수산,7
（주）나무와벽돌,7
생어거스틴 서울 중구 세종대로 136,7
글래드,6
덕수궁 전통차,6
카페에무,6
우리집　순두부 중구 을지로3길 22,6
한우와바다,6
여수오동도,6
한화호텔앤리조트,6
원조할머니낙지센타,6
민들레영토,6
주식회사비케이알／버 서울 중구 무교로,6
순천만남도한식,6
㈜그레벵코리아,6
흑돈연가,6
메스테이블,6
아데쏘,6
수불,6
아바 서울 중구 무교로 17-27,6
일리하우스,6
에스지다인힐붓,6
서해안바지락칼국수,6
태애진숯불갈비 서울 중구 무교로 17-25,6
서울시청신매점 서울 중구 세종대로,6
올리바가든,6
서울에서첫번째로잘하,6
㈜동원브이아이피참치,6
CHAI797,6
（주）미스터피자　청 서울 중구 무교로 32,6
자연별곡,6
행복플러스 시청점,6
여수한두레,6
Mr.Piza,6
육시리,6
댓짱돈가스,6
진진바라,6
남도구이구이,6
몽중헌페럼타워,6
카페베네,6
호면정,6
다농마트,6
본유옥,6
빌즈 광화문,6
필동삼계탕,6
아이와,6
본도시락 서소문점,6
솜씨,6
나폴레옹키오스크,6
병천순대,6
파로,6
아모제푸드（주）솜씨,6
온더보더　광화문Ｄ타,6
바닷가 작은부엌,6
카페아이엠티,6
경복관,6
천복,6
던킨도넛,6
㈜만점족태평로지점,6
그릴타코,6
에스제이알푸드,6
만족오향족발,6
서문낙지,6
바루,6
태맥을지점,6
또순이집,6
블루밍가든,6
신의주　찹쌀순대,6
서소문청사 구내식당,6
송림가,6
알랭,6
갓텐스시　명동점,6
미스터피자정동점,6
은성,6
포메인 중구 무교로 13,6
（주）코리아세븐무교,6
해초연,6
오복미역국,6
우리은행,6
진곰,6
구팡돌 할매보쌈,6
오복집,6
카페파스쿠찌,6
김밥천국,6
오코아,6
불볶이와튀김범벅　시,6
동심,6
펌푸드,6
동바오,6
남도,6
제주미항,6
정원식당,6
공감하우스,6
삼도회집 영등포구 국회대로 750,6
（주）허머스키친,6
청해진,6
맛있는순두부&김치찜,6
반월당고로케무교점,6
우래옥,6
레스토랑 MU,6
카페　그레벵（서울 중구 을지로 23),6
빈스앤베리,6
우아,6
신씨화로 서소문,6
주식회사비케이알,6
지미,6
투썸플레이스 서소문,6
주식회사　콩두에프앤,6
왕성집,6
동천홍,6
비타민청과,6
티켓몬스터,6
참숯골 중구 무교로16,6
부산식당,6
오징어　풍경 서울 중구 다동길 5,6
고려 보쌈,6
구이구이 중구 을지로,6
스노우폭스　광화문Ｓ,6
옴 레스토랑,6
보나베티 정동점,6
김명자굴국밥,6
오징어 풍경,6
베테랑,6
꺼멍도새기,6
외양간,6
라브리,6
투뿔한우명가,6
파리바케트,6
김명자굴국밥전문점,6
신원당감자탕,6
소공동뚝배기집,6
몽중헌　안국점,6
（주）베이징코야,6
남도마루,6
효자식탁,6
봉연당,6
（주）스타벅스커피,6
남원정,6
서울특별시청서소문청,6
오향족발,6
（주)초류향,6
주식회사동원브이아,6
사육황토기러기칼국수,6
우리집　순두부 서울 중구 을지로3길 22,6
서울시청카페,6
온더보더 광화문점,6
（주）한국문화진흥,6
엔젤리너스커피,6
궁,6
띤띤 에스에프씨,6
미자식당,6
반월당고로케,6
평양옥,6
롯데백화점,5
무교동 낙지,5
청자화원,5
（주）효창에프씨,5
주식회사해우리무교점 서울 중구 남대문로9길,5
아리랑,5
（주）제스코푸드무교,5
은성사,5
서룡,5
한라담 무교점,5
슈빅,5
La Cantina,5
차알　광화문,5
파워프랜트／（주）파,5
주식회사　동원브이아이피,5
송전,5
흥진옥,5
하이디라오코리아,5
７０１７서울화반,5
남양유업,5
명동함흥면옥,5
효자동맛집,5
카페그래뱅,5
（주）육대장　옛날전 서울 중구 세종대로20길 23,5
북창동 청국장집,5
북어국집,5
마마스 시청점,5
횡강골남원추어탕,5
산들해,5
더 후라이팬,5
육각고기,5
롯데쇼핑（주）롯데시,5
마이크임팩트엠,5
우들목,5
센트럴에프엔비,5
불고기브라더스 파이낸스점,5
cgv,5
창고４3,5
시청 연금매점,5
진사댁,5
더후라이팬시청점,5
포시즌스호텔,5
열빈（서울 중구 세종대로21길 22）,5
빠리바게트,5
동해수산 중구 무교로16,5
（주）미스터피자　명,5
능금산장,5
스미스가좋아하는한옥,5
전주지연식당,5
풀무원,5
대게잔치,5
빌즈,5
낙원,5
평안도집,5
아빠곰탕,5
일미,5
나무가 있는집,5
우도일식 중구 세종대로124,5
루소랩 정동점,5
월매네 남원추어탕,5
서울리스타,5
세븐일레븐 무교점,5
물자리,5
김가네,5
탐앤탐스　대한항공서,5
그레벵코리아,5
스타벅스 프레스센터점,5
（주）철철,5
일미추어탕,5
도미노피자 서대문점,5
석계3층집,5
주식회사　남산돈까스,5
보스커피,5
미조리,5
운산아이지에스,5
서서갈비,5
로씨니,5
도마,5
스패뉴 시청지점,5
고릴라김밥,5
락희앤컴퍼니,5
흑돈가,5
나주소나주곰탕,5
북촌손만두,5
샐러드스탑,5
무교YG 파리바게뜨,5
곰비임비,5
풍미옥,5
이태원 천상,5
나살던고향,5
더덕순대,5
용강생고기,5
바르다김선생,5
메이드 인 시카고피자,5
동광청과（주）,5
창고４３무교점／（서울 중구 무교로 21),5
투뿔등심 광화문,5
뚜레쥬르,5
한국문화진흥,5
（주）닥터로빈시청 서울 중구 세종대로20길 23,5
엔젤위치스커피,5
남양복집,5
참치공방,5
이화수전통육개장,5
서울시청연금매점,5
카페　그레벵 중구 을지로 23,5
마마스 중구 무교로 16,5
（주）야마야푸즈서비,5
신선설농탕,5
삿뽀로,5
에버그린,5
세림 서울 중구 남대문로9길 24,5
호텔항공관광교육재단,5
몽중헌 안국점,5
광화문　한옥집,5
샤르망,5
만복림 중구 무교로17-17,5
피오리화원,5
G마켓,5
이딸라시안,5
동해별관,5
다뉴브,5
만점족태평로점,5
사직골 중구 소공로 100,5
창고４３무교점／（주 서울 중구 무교로 21,5
한양식품,5
세진식당,5
스시나고미,5
할리스충무로점／동국,5
샤이바나광화문점,5
위트러스트커피,5
제주흑돈 중구 청계천로8,5
인터파크,5
아바 중구 무교로 17-27,5
오우가,5
신승관,5
희래정,5
더테이블한정식 서울 중구 세종대로 124,5
（주）디코레　북창동,5
덕승재,5
허수아비돈까스,5
효자식당,5
병천유황오리,5
서울시청구내식당 중구 세종대로 110,5
얌차이나,5
세안홀딩스,5
망원시장상인회,5
손가황구네 서울 중구 다동길,5
할리스,5
한강집생태,5
진진,5
차이797,5
발재반점,5
원조남산왕돈까스,5
곰국시집 중구 무교로24,5
보나비,5
롯데시네마,5
오가와,5
7017서울화반,5
독립문맛집,5
주식회사원조청진옥,5
카페탱크식스,5
주식회사　해우리　시,5
순남,5
레더라,5
남산산채집,5
평양식당,5
주식회사 동원브이아이피,5
주식회사서울랜드로즈,5
뉘조,5
시청 신매점,5
형제육회,5
천지명,5
춘천닭갈비,5
（주）만점족／만．족,5
다담에뜰,5
마라샹궈,5
레스까르고,5
고은님,5
㈜아워홈맘초이,5
（주）뚜리삼 서울 중구 무교동,5
매드포갈릭　광화문디,5
굽네치킨（경복궁）점,5
충정각,5
버뮤다삼각지,5
맘초이ENA센터점,5
막내횟집,5
정관장서울시청역점,5
지호한방삼계탕,5
전통한우촌,5
정동마카다,5
풍년옥,5
충무칼국수,5
맛있는　순두부＆김치,4
호남집,4
브이아이피참치,4
동해일식 중구 무교로16,4
마포　홍대포,4
세안홀딩스（주）　（,4
뚝심한우시청점,4
도명유통,4
야마야푸즈,4
덕수궁전통차,4
（주）한미리,4
파리바게뜨무교ＹＧ,4
카페마마스,4
진도울돌목가는길,4
쌀통닭,4
바모스,4
도도야,4
바니,4
연남빠니니,4
시청역점,4
（주）태성골뱅이,4
딘타이펑　명동중앙점,4
주-삼우오펠리스,4
대성산업,4
비꼴로,4
주식회사신안촌,4
마실,4
네스프레소,4
북촌가든,4
사과나무,4
신호북창동점 서울 중구 세종대로18길 16-7,4
서울시청 신매점,4
월푸드,4
이자카야 긴자,4
비알코리아,4
챠이난,4
디－얼루어,4
비어할레,4
쿠팡돌할매보쌈,4
무라사키,4
로쏘비앙코,4
일산커피공장,4
아미소,4
켄켄　시청점,4
향정,4
폴바셋　코리아나호텔,4
궁수사,4
더　후라이팬,4
손가명가 중구 다동길 13,4
화포식당,4
굴이짱,4
백세주마을,4
춘향골남원추어탕,4
국빈관,4
안성집,4
남양다방,4
떼레노,4
플로라,4
창고４３무교점／,4
정동극장,4
CGV왕십리,4
명동칼국수（시청점） 서울 중구 을지로 지하 12,4
혼신마켓 광화문점,4
백암왕순대,4
마산해물아구찜,4
테라로사광화문지점,4
아바 서울 중구 무교로,4
가츠라,4
고래와새우,4
（주）스타벅스,4
편안한집,4
Ｌ키친,4
㈜만점족태평로점,4
공정무역카페,4
중앙식당,4
백부장집,4
소담골 영등포구 국회대로68길 7,4
평창우선생,4
서강8경율도,4
형제갈비,4
롯데쇼핑（주）롯데마트,4
엠엠티에이치,4
샤이바나 광화문점,4
어사랑,4
풀무원 중구오피스,4
생어거스틴 중구 세종대로 136,4
돈수백 서울 중구 남대문로9길 40,4
바닷가작은부엌 덕수궁점,4
한국 피자헛,4
주식회사서울마리나 서울 영등포구 여의도동,4
창고 43,4
두르가 중구 무교동,4
제일제면소,4
모즈,4
KFC,4
이마트,4
금용문,4
목포식당,4
코리아나호텔 커피숍,4
림왕돈까스,4
카페포엠,4
주식회사　동원브이아이피 참치,4
피자살바토레쿠오모,4
（주）플라토스호스피 서울 용산구 녹사평대로32길 9,4
쇼쇼샤브,4
경복궁관훈점（주）퍼,4
자리,4
이터널선샤인,4
더 라운지,4
원양참치,4
The Place,4
조선옥,4
카페바모스,4
송스키친,4
주식회사초록마을,4
카페 그레벵 중구 을지로 23,4
대림정,4
다솜이야기,4
지구마을 중구 세종대로 110,4
스몰하우스빅도어,4
카페파스쿠찌　서울시,4
스몰하우스 빅도어,4
할리스커피　무교점,4
선굼터,4
로뎀나무,4
선영이네,4
바다양푼이동태탕서울,4
파리크라상／인사동,4
（주）만점족태평로２,4
서울영양센터,4
세림 중구 남대문로9길 24,4
배꼽집,4
가진항,4
평래옥,4
빈스베리,4
뚜리삼 산채향,4
우림정,4
브라운박스,4
디쉬룸ＳＦＣ점,4
정동추어탕,4
동원참치 중구 세종대로22길,4
감나무집,4
챠이나프로 서울 영등포구 국회대로74길 20,4
막내네회집,4
북창갈비,4
파리바게뜨 무교점,4
마포진짜원조최대포집,4
썬더볼트,4
시편재,4
조금본가,4
영덕회식당 시청점,4
샘모루,4
아바하,4
부민옥 서울 중구 다동길 24-12,4
이화수육계장,4
스시아이,4
중앙삼이,4
（주）교보문고,4
마이엑스와이프스씨크,4
커피아일랜드,4
코코호도종로점,4
영의정,4
문화옥,4
수사광화문,4
은호식당,4
바리스타리움,4
조각보,4
한화비앤비,4
신촌설렁탕,4
남산오리진흙구이,4
동해수산서울 중구 무교로 16,4
베이징코야,4
아나니와요스케,4
별궁식당,4
딘타이펑 명동중앙점,4
정선할매곤드래밥,4
르폴,4
아리스타,4
화로백서,4
ＣＧＶ명동５,4
（주）보나비,4
㈜커피빈코리아,4
미스터피자 정동점,4
성북동메밀수제비,4
요거프레소,4
싱싱회,4
용수산,4
주식회사사서석대,4
최고야해물짬뽕,4
회그리고국수이야기,4
주유별장　광화문점,4
메이탄,4
블고기브라더스,4
깐부치킨　북창동점,4
한성양갈비,4
묵호회집 서울 중구 명동9길 43,4
차이나프로,4
청오디피케이,4
경희궁,4
본설렁탕,4
준,4
코코호도 서소문점,4
순두부마을,4
일품당프리미엄,4
나무네요프롤아트커피,4
원주 추어탕,4
용궁,4
안즈,4
가나,4
마포원조주물럭,4
태그린샤이바나,4
동원브이아피참치,4
Rosso Bianco,4
달콤스시,4
켈리스코사보텐ＳＦＣ 서울 중구 세종대로 136,4
ＧＳ２５북촌점,4
본죽&비빔밥,4
구내매점,4
가람,4
풍미추어탕,4
동아리 서울 중구 남대문로9길 40,4
한국맥도날드（유）,4
콩두에프앤씨,4
수사,4
한라담　제주돼지,4
씨제이푸드빌,4
서가앤쿡／（주）에스,4
서울시청매정,4
전주풍남회관,4
주식회사어반가든,4
생어거스틴 중구 세종대로136,4
사보텐 SFC점,4
주식회사 어반가든,4
주식회사　청진옥해장,4
순남시래기　시청역점,4
25카츠,4
컴포트키친,4
본도시락　（광화문점,4
명동할머니국수,4
파리바게뜨 서소문점,4
이층과옥상,4
스시노미찌,4
파피루스 시청점,4
스파클주식회사,4
인사동여자만,4
동아유통,4
해운대,4
백암순대,4
왕삼겹찌개집,4
이십사절기 광화문점,4
（주）킴스패스시청점,4
더착한커피,4
켈리스코사보텐,4
산촌,4
주식회사　동원브이아서울 중구 세종대로22길,4
동경,4
한국도서보급（주）,4
커피베이,4
（주）폴앤폴리나,4
장호왕곱창김치찌개,4
커피더캠프,4
에이블마켓,4
더치앤빈,4
신선한우촌,4
홈플러스,4
켄켄 시청점,4
고향촌,4
위드미,4
동해남부선,4
까치네,4
올라,4
한화역사롯데마트서울,4
등촌샤브칼국수,4
참숯골서울 중구 무교로 16,4
한마루,4
란주칼면,4
배재반점 서울 중구 서소문로 103,3
태맥,3
（주）파피루스,3
광주식당,3
쿠진더큐브,3
종로황소곱창,3
영광굴비전문점,3
원당감자탕,3
모노,3
돈궁 중구 다동길 24-3,3
영자살롱,3
북촌순두부,3
골목식당,3
목련다방,3
㈜한국야쿠르트,3
하루,3
페어트레이드카페,3
아그라에비뉴,3
목포세발낙지 중구 남대문로9길20,3
송탄부대찌개,3
코다리밥상,3
오군　순두부,3
뚝심 광화문점,3
써브웨이,3
광화문집,3
심가네　한우고집,3
나돈,3
가회,3
지리산어탕국수,3
서브웨이,3
부산아지매국밥,3
연탄위에 생고기,3
주거래처,3
테라스２２２（ｔｅｒ,3
김설문일식,3
한미리푸드어소,3
（주）태맥을지점,3
25카츠시청점,3
다락마을,3
갈치와고갈비,3
화수목,3
쿠치나후,3
놀부,3
케이에프씨,3
해우리무교점 중구 남대문로9길,3
정원횟집,3
맛나바베큐 중구 다동길 10,3
서울에서첫번째로잘하는전통찻집,3
버거비,3
상도,3
동해일시,3
설리우,3
금문,3
함흥곰보냉면,3
유청림,3
정통호프,3
알파문구 시청점,3
텃골,3
장어가조타,3
폴바셋 코리아나호텔점,3
양지촌,3
불고기브러더스,3
목포세발낙지 중구 남대문로9길 20,3
광화문해리주식회사,3
영덕회식당 중구 무교동,3
을밀대분식,3
바르다 김선생,3
해우리 중구 남대문로9길,3
아사칸,3
청송옥 중구 서소문로,3
서동한우,3
포하노이,3
더불어함께,3
이나니와요스케 중구 을지로6,3
유로구르메㈜,3
오발탄,3
（주）바닷가 작은부엌,3
육통령,3
경복궁관훈점,3
조선횟집,3
열빈（광화문점） 서울 중구 세종대로21길 22,3
화로양갈비집,3
주유별장 광화문,3
ＧＳ２５,3
북창동 순두부,3
춘산에프엔비,3
미향한정식,3
（주）월향 중구 세종대로21길 30,3
（주）닥터로빈시청 중구 세종대로20길 23,3
백마김씨네,3
찜＆족,3
진주회관 중구 세종대로,3
가메골　옛날손왕만두,3
원조 청진옥,3
이춘복참치,3
호이리거,3
마이와이프시크릿레시피,3
퍼스트플로어（ＦＩＲ,3
상해,3
㈜한식문화관지점,3
전주옥,3
（주）동바오,3
라코르테,3
서린낙지,3
산동교자,3
방일해장국,3
민소,3
주식회사뚝심（서울 종로구 종로5길 7),3
다동화로,3
사누키야앤어벙커,3
한마음장애우복지회,3
성전일식,3
두손진곰탕,3
（주）광화문　아띠,3
팔팔전골 광화문점,3
광화문　국밥,3
투썸플레이스서소문,3
인사동한정식둘레골,3
교통전선생,3
소문난아재비왕갈비,3
사랑방,3
로마네꽁띠,3
소면루　시청점,3
서울시청매점 중구 서소문동,3
시골밥상,3
코보식당,3
연타발 종로점,3
별천지설농탕,3
달인꽈배기,3
온오프코리아,3
풍천장어,3
국회후생복지위원회,3
금성관나주곰탕,3
열차집,3
키사라＿광화문,3
송죽헌,3
월매내남원추어탕,3
팬브레드,3
본우리집밥　서울시청,3
복이오 서울시청점,3
이남장을지로점,3
더플레이스광화문,3
맛있는순두부,3
램랜드,3
일류,3
송추가마골,3
야마야푸즈서비,3
꽁시면관／（주）플러,3
싱카이＿광화문 서울 중구 세종대로 136,3
불광생선구이,3
꾼활어횟집,3
에뜨랑제레스토랑호프,3
남도집,3
꽃이피움,3
맥도날드 서울시청점,3
유림낙지,3
헬라스커피,3
주식회사서여의도해담,3
탐앤탐스블랙청계,3
광화문 몽로 중구 세종대로21길 40,3
피셔맨스키친,3
스몰하우스 빅도어 비스트로,3
정인면옥,3
라그릴리아광화문점 서울 종로구 청계천로 11,3
부산복집,3
연정,3
CHAI 797,3
고구려,3
안집,3
돈우가식당,3
메이드인시카고피,3
돈궁 중구 다동길24-3,3
모란,3
롯데쇼핑주식회사 서울 중구 소공동,3
제주본가 서울 중구 서소문로 131,3
인사동찻집,3
주식회사뚝심,3
주식회사 진곰,3
지구마을사회적협동조합 서울 중구 세종대로 110,3
Ｇ마켓,3
한국맥도날드,3
조금,3
유림,3
무교소호정서울 중구 무교로 17-25,3
스노우폭스 서울 중구 세종대로 136,3
유메,3
산채집,3
닥터로빈 광화문점,3
차알 광화문점,3
유진물류,3
라운지,3
진보,3
라무진,3
２　Ｔｈｉｒｓｔｙ,3
남촌서래등,3
곰국시집 중구 무교로 24,3
영심이네오리불고기,3
수산식당,3
핏제리아 꼬또 그랑,3
박가네,3
찰스숯불김밥　시청점,3
왕타이,3
철판부대,3
동원참치 세종점,3
에베레스트,3
오후정,3
㈜철철,3
녹번점 경복궁,3
오리와메밀,3
（주）신한디엠　화로,3
송옥,3
진주,3
후스테이블,3
제주나라 영등포구 국회대로 68길23,3
스타구어메이,3
길복정,3
태평성대,3
붓처스컷 광화문점,3
일미식당,3
무수옥,3
스시마츠,3
호이리거　서울,3
청주 서울 중구 다동길 24-12,3
서문회관,3
우도일식-서울 중구 세종대로,3
카페드롭탑,3
영강 시청점,3
장어사냥꾼,3
파크뷰,3
삼계탕,3
태평양참치,3
（주）삼립식품빚은무,3
고구려삼계탕,3
소문난 쭈꾸미,3
두리식당,3
무등산,3
사보텐SFC,3
아지오,3
탐나　제주근고기,3
소호정 중구 태평로1가 31-19,3
동보성,3
자연별곡 광화문점,3
세븐일레븐무교스타점,3
페리카나,3
정동김밥,3
왕왕생공기,3
토리촌,3
까페아로파,3
가스트로통,3
텐어클락,3
티원　종각역　그랑서,3
스패뉴 시청점,3
청오디피케이（주）과,3
현대불고기,3
청진옥해장,3
커피스탑２,3
복초밥,3
（주）광화문아띠／설,3
마산아구찜,3
호텔아로파,3
서울불고기 서울 중구 남대문로9길 40,3
육전식당,3
스타벅스커피코리아,3
（주）킴스패스시청점 서울 중구 세종대로 124,3
왕왕샤브샤브 중구 을지로6,3
참숫골,3
섬마을횟집,3
더플레이스　광화문,3
미각,3
두오모,3
의정부부대찌개,3
이화정,3
탐앤탐스　블랙　청계,3
밀사랑,3
해초섬,3
참치공방／제스트에프,3
SFC디쉬룸,3
우리방앗간,3
챠이７９,3
더테이블 중구 세종대로124,3
북장터,3
신의주부대찌개,3
엘쁠라또광화문점,3
오븐에빠진닭,3
한국파파존스,3
사조참치 무교점,3
그릴타코sfc점,3
원할머니보쌈,3
와인주막차차,3
챠이,3
할매보쌈,3
삼백집,3
양지설렁탕,3
마르셀78,3
교촌치킨,3
유천냉면,3
유로구르메 중구 세종대로 136,3
림벅 중구 덕수궁길,3
낙동강-서울 중구 을지로1길,3
주식회사 동원브이아이피참치,3
㈜ 뚜리삼,3
더 후라이팬 시청점,3
돈까스 백반,3
유로루르메,3
㈜한일관,3
촌,3
육대장 서울시청점,3
제일가든 서울 중구 무교로,3
이키이키,3
참맛순대국 서울 중구 을지로1길 34,3
불볶이와 튀김범벅,3
황금복국 영등포구 국회대로70길7,3
강릉동화가든 중구 남대문로9길40,3
안국교자,3
（주）신세계페이먼츠,3
스토리웨이,3
강수사,3
갈비사랑,3
잔치마당,3
초록초록,3
양평신내해장국,3
산천초목,3
송원스끼야끼,3
수엔190,3
뉴욕뉴욕,3
연남서식당,3
켄켄　시청점 서울 중구 무교로 19,3
파피루스,3
대복 중구 세종대로14길22,3
탐라마을,3
그릴파이브,3
일품당,3
더테이블한정식 중구 세종대로 124,3
（주）코리아나호텔,3
비에이치씨（ＢＨＣ）,3
（주）한화비앤비,3
흑돈가명동점,3
우리밀급식,3
명가,3
（주）커피빈코리아．,3
동화반점,3
지화자,3
예촌,3
댓짱돈까스,3
왕산골왕만두,3
본도시락 본점,3
소쇄원국시,3
김씨도마,3
에코밥상,3
（주）광화문　아띠（,3
창고４３무교점（중구 무교로 21),3
（주）영풍문고,3
유성집,3
스타차이나,3
전통한식동해,3
미다래시청점,3
영동설렁탕,3
마쯔,3
탐앤탐스서소문점,3
봉추찜닭 서울 중구 세종대로 136,3
더미시청점,3
0,3
갓포후루야새한인베스,3
할리스커피충무로점,3
경원집,3
영천영화,3
광화문 양갈비,3
Beans&Berries,3
후포항,3
주식회사　더행복,3
명진상회,3
카페 에무,3
레스까르고청계광장점,3
서울뚝배기,3
루핀（ＬＵＰＩＮ）,3
㈜타니본점,3
가평휴게소（상）서울,3
호이리거 서울,3
수애뇨　３３９,3
더블,3
행복플러스 시청역점,3
올라3 영등포구 의사당대로38,3
노조미,3
이남장푸드,3
널벅지,3
사이드쇼,3
죠스떡볶이,3
아한타이센터원,3
특우정,3
색동저고리,3
목포집,3
도토리군버섯양,3
서강팔경,3
북막골,3
삼원일식 서울 중구 무교로 32,3
콩두한식문화발전소,3
위메프,3
공미,3
산방돼지,3
독도수산,3
갓텐스시종로점,3
１９８１볼드썬더볼드,3
중원내자점,3
（주）더루이,3
도담,3
（주）이티앤제우스철 서울 중구 태평로1가,3
새벽집,3
못난감자앤치킨,3
파리바게뜨 서소문,3
미루,3
뽐모도로,3
미스터피자 청계광장점,3
다복,3
어울림,3
등나무집,3
고흥만,3
아티제 청계광장점,3
희래성,3
문어야,3
메밀꽃필무렵,3
（주）카페문화　카페,3
미자네닭,3
민소한우（서린점）,3
북창동 불쭈꾸미,3
본가남도마당,3
맛있는　순두부＆김치 서울특별시 중구 남대문로9길 40,3
식량도시카페,3
청수정,3
쿄,3
피마길실비집,3
명가무안뻘낙지,3
도로시앤 중구 세종대로 93,3
토마틸로,3
유림분식점,3
커피스탑,3
포리엔,3
유진참치,3
김앤김대게,3
CGV,3
구마,3
명가원설농탕,3
느린마을양조장,3
달콤커피,3
커피홀릭,3
브리오슈도레,3
명료,3
용금옥 중구 다동길 24-2,3
가봉루,3
본가설렁탕,3
동화식당,3
갯마을낙지 서울 중구 을지로1길 32,3
교동짬뽕시청점,3
예전명가푸드시스템,3
전통남원추어탕,3
（주）닥터로빈,3
디오브루잉주식회사,3
（주）롯데리아／ＫＫ,3
동해도광화문 서울 중구 무교로 28,3
영춘옥,3
락희옥,3
은주식당,3
세림 중구 남대문로9길24,3
치킨매니아,3
주식회사야리성,2
디앤비,2
아야진생태찌개,2
커피예담,2
광화문 미진,2
안다미로,2
더　후라이팬　시청점 서울 중구 남대문로9길 40,2
㈜뚜리삼산채향,2
주식회사행복한구이세,2
유로구르메광화문점,2
소문난집,2
진미서산게장,2
비진도 해물뚝배기,2
ＳＫ네트웍스（주）워 서울 중구 을지로5길,2
한화호텔앤드리조트 중구 세종대로 124,2
씨제이푸드빌（주）／,2
까페오시정,2
전원,2
장군주먹고기,2
언노운커피,2
미학　상차림,2
다동골뱅이치킨,2
제이에스텍사스,2
그레뱅,2
폴리스　유한회사,2
타이산시청점,2
두꺼비,2
광화문해물탕찜,2
종로식당,2
일미무교골,2
영풍문고／상품권,2
신의주 정동점,2
삼성오뎅사께,2
빚짜,2
돈수백 중구 남대문로9길 40,2
함지박,2
㈜만점족태평로2지점,2
금수복국,2
한육감광화문점,2
옴 레스토랑 광화문점,2
사랑채,2
십원집,2
㈜이층과옥상,2
전주산수비빔밥,2
넝쿨식당,2
더부페케이터링,2
교대복집,2
키사라 광화문점,2
체부동빈대떡,2
코너비,2
오디푸드시스템,2
스노우팍스,2
청춘구락부,2
캘리포니아피자치킨,2
양재정육식당,2
이십사절기 서울파이,2
사나래산채,2
통나무집,2
쏘렌터,2
털보감자탕,2
마리,2
가야도로,2
온더보더　광화문Ｄ타워,2
서울시청매장,2
엘림성,2
낙원골숯불꼼장어,2
클럽에스프레소,2
손가황구네서울 중구 다동길,2
자연별곡광화문점,2
만복림 서울 중구 무교로 17-17,2
한강전망대,2
１１번가,2
（주）바닷가작은부엌 중구 덕수궁길,2
현대가든,2
（주）웰리브,2
서라벌한정식,2
옛날농장,2
서촌김씨,2
연경,2
서울시청매점 중구 세종대로,2
주식회사 더행복,2
제니스카페,2
나주소나주곰탕 종로구 새문안로 87-1,2
봉피양　벽제설렁탕,2
㈜스타벅스커피코리아,2
레스토랑24번가,2
서울시천신매점,2
금강산오리,2
카페자스,2
한화호텔앤드리조트（ 서울 중구 세종대로 124,2
프레스센터프레스클럽,2
행복플러스 신청사점 중구 세종대로 110,2
이조영양밥 서울 마포구 만리재로1길 8,2
싸리집,2
원조할머니낙지,2
에릭카이저,2
메쉬코리아,2
남포면옥 서울 중구 을지로3길 24,2
강가무교점,2
능이네능이버섯백숙,2
경서기네칼국수,2
을밀대,2
화포식당시청점,2
명동할머니국수（중구 덕수궁길5),2
파리바게뜨무교ＹＧ타워점,2
신신식당,2
에릭케제르,2
웨딩하우스엘,2
제주은갈치,2
공차 시청점,2
혼신마켓　광화문점 중구 세종대로 136,2
롯데리아,2
２Ｔｈｉｒｓｔｙ,2
불타는다동화로（１층,2
코레일유통,2
동베이,2
서소문 파리바게트,2
（주）알트윈푸드／다,2
시샘달,2
오리마당 중구 세종대로92,2
맥도날드서울시청점 서울 중구 남대문로9길 51,2
고래 종로구 자하문로10길 10-21),2
루소랩정동점,2
소라 서울 중구 다동,2
필동　이태리식당,2
산수옥,2
프레지던트,2
인터파크 티켓,2
신락원,2
시화담,2
투썸서소문지점,2
황태회관,2
복이오 중구 무교로 21,2
가장맛있는족발,2
사카에,2
가온 웰빙부페,2
서울특별시립　장애인,2
만복회해산물,2
형제옥,2
이남장　서초점,2
솔향,2
제이．에스．텍사스바,2
선인재,2
바닷가작은부엌덕수궁,2
밀리네해물잡탕,2
마초,2
홍대돈부리,2
제이에스,2
브이아이피한우,2
대가 중구 을지로1길 15,2
서초보쌈,2
보리밥투,2
디에스디엘주식회사,2
한가람 북창동점,2
한와담 서울 중구 세종대로21길 40,2
섬진강민물장어,2
오장동흥남집,2
（주)뚜리삼,2
나무가 있는 집,2
스타벅스 교대법원정,2
CJ올리브네트웍스,2
미당,2
여의민물장어,2
옥류헌,2
소나무,2
대나무골,2
오복미역 중구 남대문로9길 40,2
민속의집,2
㈜킴스패스시청점,2
㈜닥터로빈 시청,2
논현삼계탕,2
황제식당,2
정보공개정책과 사무실,2
버드나무식당 영등포구 국회대로70길7,2
대관령,2
돈부리,2
사람과나무,2
파리바게뜨 무교YG타워,2
사조미가 서울 서대문구 통일로,2
정보공개정책과,2
왕호장곱창,2
㈜에스지다인힐붓,2
트리플제이,2
성민촌,2
㈜해피머니아엔씨,2
（주）뚜리삼 중구 청계천로 8,2
알뜰식품 서울 중구 을지로3길 25-11,2
MISO RESTAURANT,2
펌킨（Ｐｕｍｐｋｉｎ,2
햇님과달님,2
WE TRUST COFFEE,2
카페지구마을,2
상주곶감유통센터 청계시장 경북 상주시 헌신동,2
（주）폴앤폴리나광화,2
엘리시아,2
아모제푸드,2
호남식당,2
대도일식,2
매드포갈릭 광화문점,2
빽다방,2
원조용문집,2
북창동집,2
서울시청신매점서울 중구 세종대로,2
죠샌드위치&커피,2
권명옥 가마솥,2
모내기,2
소문난순대국,2
어반스테이（ｕｒｂａ,2
닥터로빈시청점,2
북창동 순두부 중구 세종대로,2
㈜만점족태평로,2
궁중한우,2
서소문청사구내식당,2
황소곱창,2
（유）아웃백스테이크,2
무교YG빠리바게트,2
동원브이 아이피참치,2
파네트,2
한성옥,2
버섯잔치집,2
룸바캉스,2
사발,2
요쿠참치,2
엔제리너스커피 무교점,2
굿데이마트,2
중국성 서울 중구 다동길 16,2
초록애,2
2 Thirsty Taproom,2
센,2
현대그린마트,2
프리모바치오바치,2
여일정,2
초밥집,2
신돌섬횟집,2
돈까스　백반,2
프라자 비즈니스센터,2
통큰할매순대국,2
막내낙지,2
철판부대 파이낸스점,2
예당,2
만나식당,2
투뿔등심광화문,2
고기고기,2
선우,2
너나들이커피방,2
태애진,2
장호짤라집,2
호박넝쿨,2
순천식당 영등포구 국회대로74길12,2
티에스아노,2
쿠벤광화문,2
원당,2
감성돔횟집,2
피플하이,2
한국문화관,2
연이칼국수,2
트루비커피숍,2
소한마리,2
커핀그루나루,2
채움한정식,2
감사담당관,2
만족점,2
㈜그래뱅코리아,2
메이드인 시카고 피자,2
오디푸드,2
링코,2
서촌통영,2
구름떡,2
충무집 중구 남대문로9길 24,2
메드포갈릭,2
감미가정식백반,2
쌀쌀맞은 닭,2
육미 중구 남대문로 109,2
커피판다,2
주식회사　파리크라상,2
내림손삼계탕,2
이십사절기 중구 세종대로 136,2
물과흙,2
더미　시청점서울 중구 남대문로9길 40,2
오가다,2
강호,2
송원,2
개미식당,2
쌍마막회,2
골드바틀　센터플레이,2
춘천명가닭갈비전문점,2
올드앤와이즈,2
경포동해횟집,2
금해복집,2
갓포하루,2
폴 바셋,2
브라운박스／（주）,2
참배나무골,2
오륙도 서울 중구 을지로3길 20,2
루이루스,2
워너커피,2
하늘광장커피숍,2
문화공간온,2
빚은광화문점,2
서울그랜드호텔푸드,2
대호갈비,2
우도일식서울 중구 세종대로 124,2
（주）다이닝코리아토,2
테일러커피,2
막내네횟집,2
더행복,2
1981볼드썬더볼드,2
루핀　（ＬＵＰＩＮ）,2
굴다리식당,2
압구정공주떡,2
이문설농탕,2
서일순대국,2
금자네생등심,2
이레,2
카페그래벵,2
개성식당,2
장군보쌈 서울 중구 무교로 16,2
큰맘할매순대국,2
진지방순대국,2
디코레,2
바닷작은부엌,2
쿄（Ｋｙｏ）,2
진주회관 중구 세종대로 11길 26,2
장추,2
태극당,2
쥬시다동점,2
진미족발 중구 다동길 24-4,2
동원,2
폴앤폴리나광화문,2
마카오도우라오,2
월매내추어탕,2
이모네,2
주식회사 중림장,2
무교 소호정,2
탐나제주근고기,2
신의주정동점,2
토종삼계탕,2
한시락,2
뚝도수산,2
（주）한일관,2
테라로사 광화문지점,2
아날로그키친,2
샘골,2
소면루 중구 남대문로9길40,2
마포제일방아간,2
운산,2
깃대봉,2
흑산도　홍어본가서울 중구 을지로1가,2
영덕회식당 중구 서소문동,2
청송옥 서울 중구 서소문로11길 14,2
서울시정개발연구원매점,2
주식회사　동원브이아 서울 중구 세종대로 135,2
주유별장 광화문점,2
더미 시청점 중구 남대문로9길,2
서여의도해우리,2
별난횟집,2
（주）카페예,2
커피스탑2,2
공평식당,2
경복궁　녹번점,2
김앤장（Ｋｉｍ＆Ｊａ,2
라그릴라,2
폴리스유한회사,2
김경애떡방,2
이상갈비북악정,2
샘모루 서울 영등포구 국회대로66길 19,2
목포낙지,2
무교동 북어국집,2
티월드카페,2
치킨매니아 서울 중구 남대문로1길,2
중일면옥 서초점,2
메이징에이 중구 세종대로 136,2
펌푸드서비스（Ｆｏｏ 서울 중구 무교로 6,2
챠이난상암점,2
하츠코이오카,2
빛고을,2
아주나무,2
샘모루 영등포구 국회대로66길16,2
오징어이야기,2
화해당,2
포시즌스호텔서울,2
아재커피,2
철철복집,2
공차시청점,2
봄날키친,2
궁중육회,2
피어리화원,2
충무로쭈꾸미불고기,2
코코로벤또,2
새마을식당 무교점,2
자갈치곰장어,2
（주）중앙삼이,2
은성부대찌개,2
한라담불고기,2
테라스222,2
매란방,2
레이어스,2
은성회집,2
무한장어,2
이화수 전통육개장,2
광화문 문본가,2
주식회사　커피창고,2
콩두한식문화발전소 중구 청계천로 40,2
해초연 영등포구 국회대로76길 10,2
미락,2
신기소,2
기린비비큐,2
한국집,2
제주본가 서울 중구 을지로1가,2
교보핫트랙스（주）,2
홍미원,2
ＧＳ２５중구무교점,2
한화호텔앤드리조,2
고봉삼계탕 영등포구 국회대로72길5,2
㈜파피루스,2
육미（앤）만선,2
느린마을양조장＆펍,2
용호동낙지,2
핑하오,2
신씨화로 중구 서소문로,2
영양센터,2
황구집,2
대청골쌈밥집,2
레더라에쓰에프씨점（중구 무교동),2
EK PLAZA,2
꿈꾸는이상,2
진대감,2
식량도시식당 서울 종로구 송월길 14-3,2
창문카페,2
대관령메밀,2
원조할머니낙지센터,2
퓨어아레나,2
복정집,2
옛골토성,2
㈜바이오비즈 중구 을지로 6,2
제일가든서울 중구 무교로,2
새마을식당 서울 중구 태평로1가,2
아삼육,2
샘모루 영등포구 국회대로 66길 19,2
소문난　쭈꾸미,2
참숯골 중구 무교로,2
본도시락　광화문점 서울 종로구 사직로8길,2
서해쭈꾸미 영등포구 국회대로62길,2
레더라에쓰에프씨,2
즐거운세상,2
LOTTE MART,2
코아푸드（주）,2
소문난부자돼지국밥,2
북이오,2
강강술래,2
ERIC KAYSER,2
오펠두스,2
맘스터치,2
둥구나무,2
네스카페,2
ＳＥＯＵＬＧＡＲＤＥ,2
해치,2
안면도수산,2
테이도우,2
VIPS,2
조마루뼈다귀,2
버거킹 서울 중구 무교로,2
뚜썸,2
영선마트,2
놀부부대찌개 철판구이,2
방이삿포로,2
스몰하우스빅도어비스 서울 중구 남대문로9길 6,2
독도바다,2
마포 홍대포,2
남도한식 정든님,2
맘초이 시청점,2
카페오시정,2
일상별식,2
해조스시서울 중구 세종대로22길 16,2
콩두에프앤,2
진미생태,2
다채　대방점,2
토속정 종로구 우정국로 4-1,2
교보문고 종로구 종로1,2
이향,2
마시다,2
파리바게트 무교YG타워점,2
익선동121,2
다동커피숍,2
파리바케뜨,2
행복플러스 카페,2
용호동낙지　충무로점,2
우리마트,2
황생가,2
황생가칼국수,2
동원참치시청점,2
화동식당,2
남원골양푼이대구탕,2
나마스시,2
㈜닥터로빈,2
행복식당,2
크리스탈제이드서머셋,2
일자리노동정책관,2
세종문화회관,2
다흰정,2
우참판／우기미주식회,2
만석꾼,2
가쯔야,2
다리다리춘천숯불닭갈비,2
스시홍,2
석관동떡볶이,2
고기굽는사람들,2
여의도내장탕신관,2
카에데,2
코오롱인더스트리（주,2
그릭슈바인,2
이태리총각,2
파리바게뜨　무교ＹＧ 중구 남대문로9길,2
한우촌,2
동원참치㈜,2
파리바게뜨　서소문중,2
하노이의아침,2
소문난쭈구미,2
매드포갈릭 종로구 종로3길 17,2
철판＆부대찌개브라더 서울 중구 태평로1가,2
카페그레이스정동,2
민소한우　금융로점,2
유디아이디,2
스타벅스코리아,2
샹하오 영등포구 국회대로76길16,2
광화문　짬뽕,2
장털보설렁탕,2
가마목,2
（주）초류향 서울 중구 다동길 24-10,2
（주）달개비자연음식서울 종로구 재동,2
옛살비전주콩나물국밥,2
사리원,2
알뜰골뱅이 서울 중구 을지로3길 25-6,2
다올커피,2
더 테이블,2
재동슈퍼,2
서울시청,2
포쿡 광화문점 종로구 종로3길,2
더착한커피　서울시청 서울 중구 서소문로 125,2
교동전선생 중구 다동,2
챠이나프로 영등포구 국회대로74길20,2
주식회사철철,2
남산집 중구 무교동,2
윤가명가,2
주식회사지오신／발우,2
여의도내장탕 영등포구 국회대로70길7,2
풍년닭도리탕,2
예조,2
원당뼈다귀해장국 중구 서소문동 26-1,2
본도시락 광화문점,2
명가묵은지감자탕,2
휴우,2
송하,2
태아산업,2
（주）이호Ｅ＆Ｆ　장,2
한양원,2
풀무원　중구오피스가,2
덕수궁전통차전문,2
영덕물회,2
서울대공원내 분수대프라자갑판,2
옛촌,2
（주）더부페케이터링,2
영양센타,2
채운,2
（주）씨앤피프랜즈,2
청송면옥,2
산채향 중구 청계천로8,2
구우소,2
병우네,2
서울시청구내식장,2
커피씨엘,2
카페자리,2
도레도레 중구 세종대로 136,2
애슬로우,2
갈비명가이상,2
미유끼,2
명동할머니국수시청점,2
（주）월향 마포구 와우산로29길 27,2
제주본가무교본점,2
다인홀,2
우리은행 서울시청점,2
뽕뜨락피자,2
엔제리너스　무교,2
센트럴에프엔비유한회 서울 중구 무교로,2
동남아,2
왕족발,2
모리야,2
카페코나퀸즈,2
구팡돌할매보쌈 서울 중구 덕수궁길,2
（주）파리크라상여의도 서울 영등포구 국회대로74길 12,2
㈜플라토스호스피,2
한미리푸드,2
워커힐파로크랜드,2
다담,2
에이투지,2
북촌협동조합,2
정동집 중구 정동 11-4,2
피자알볼로　서대문점,2
재동순두부,2
만점족태평로2가점,2
더풍미,2
익선키친,2
이화수 육계장,2
카페문화,2
이십사절기 중구 세종대로136,2
대성갈비,2
뚝심한우시청점／주식 서울 중구 통일로2길 16,2
포포로동경,2
혜원삼계탕,2
카페엠,2
와라이 서울 중구 을지로5길 26,2
강남면옥정동점,2
강정이기가막혀,2
피쉬마루,2
씨유,2
용마상사,2
대도한식,2
개군한우 양평군 양평읍 역전길1,2
커피투어,2
１１７파크,2
포메인 시청점,2
콩두에프앤비,2
시골보쌈&감자옹심이,2
반월당　고로케　（무,2
산수갑산,2
일일향（마포점）,2
동안브이아이피참치,2
주식회사황금복국코리,2
청송옥 서울 중구 서소문로,2
묵호,2
소공동뚝배기집（시청,2
계림식당,2
카페아로파,2
맛있는돈까스,2
신촌형제갈비,2
무교점,2
유메일식㈜용진물산,2
대장장이,2
삼호복집,2
함평한우,2
서화,2
사나래산채 영등포구 국회대로62길11,2
대복집,2
포담,2
주식회사맛난세상,2
철판＆부대찌개브라더스,2
아시아아시아,2
아쿠아,2
세븐스퀘어,2
수현회집,2
서울 불고기,2
북창동불쭈꾸미,2
충주휴게소,2
아띠제,2
여주휴게소,2
미성옥,2
백년화편,2
롯데마트서울점,2
적사부,2
태백산맥,2
구이구이 중구 을지로6,2
FC외식 프레스센터프레스클,2
호화반점,2
cgv명동,2
태능가든,2
수사 광화문,2
춘삼월,2
청일집 중구 종로),2
투뿔등심　광화문 서울 중구 세종대로 136,2
한량석쇠,2
코코로,2
바다일번지회동,2
뉴문,2
묵호등대식당,2
온새미한정식,2
은행나무가든,2
국수먹는 꼴뚜기,2
주식회사해우리,2
뜸팡이와 묵은지,2
（주）달개비자연음식 서울 종로구 재동,2
테이블１５,2
하이로불닭,2
쿠치나후 영등포구 의사당대로1,2
상하이,2
동해 해물탕,2
GFS우물가,2
항방양꼬치,2
켈리스코사보텐ＳＦＣ서울 중구 세종대로 136,2
하이디라오,2
광화문빵집,2
연수옥,2
비스트로74,2
남포면옥 중구 을지로3길24,2
백상,2
막썰어,2
행복한식공간,2
전라밥상,2
김판조닭강정,2
포도나무집,2
경조사,2
수리골쉼터,2
더엘가,2
순희상회,2
항아리,2
공차 태평로점,2
콩사랑두부,2
우도일식 서울 중구 세종대로124,2
（주）디케이매지콤스,2
신의주찹쌀순대 중구 다동길 17,2
호성,2
샹그리라 영등포구 의사당대로 38,2
조개일번지,2
그레벵코리아 중구 을지로,2
조가비,2
삼원서울 중구 무교로 32,2
㈜춘산에프엔비,2
샤마리,2
토다이명동점,2
신선설농탕 명동점,2
ＧＳ２５청진본점,2
북청시래기,2
엘쁠라토,2
교동전선생 서울 중구 다동,2
전광수커피하우스정동,2
바이빅테이블,2
행복플러스 시청지점,2
다한우 중구 남대문로1길 51,2
서울시장애인생산품판매시설,2
스타벅스 소공동점,2
나인티모,2
모어　댄　레스（ＭＯ,2
서서갈비 서울 마포구 도화동,2
원대구탕 종로구 청계천로 17,2
하노이의 아침,2
더테이블 중구 세종대로 124,2
주식회사　동원브이아이피참치,2
테이블15,2
엘림,2
남대문숯불갈비,2
구이구이 서울 중구 을지로,2
동원브이아이,2
토방,2
엔젤리너스,2
소면루,2
광화문　문본가,2
석배,2
황금복국코리,2
바심,2
（주）커피빈코리아종,2
더테이블 한정식,2
육대장옛날전,2
산채가,2
주식회사비케이알/버거킹 무교점,2
본도시락 （서대문구 서소문로 27）,2
FC외식 한화호텔앤드리조트,2
오설록,2
노량진횟집,2
텀브커피 무교동점,2
㈜롯데마트,2
서울시청까페,2
국회후생복지위원회 영등포구 의사당대로 1,2
（주）바닷가작은부엌 중구 덕수궁길 7,2
전라도한정식,2
무교동 수제비,2
무교북어국,2
창고42,2
㈜엘푸드,2
광화문 아띠,2
피셔앤스키친,2
2층계단집,2
남양,2
홍어천국,2
스타피쉬,2
신촌서서갈비（서대문,2
서리풀가리집,2
더착한커피서울시청점,2
미향한정식 종로구 사직로12길 29,2
（주）만점족,2
（주）와이지푸즈　와,2
안동국시소람,2
Boomers,2
싱카이＿여의도,2
대청가든,2
한국도서보급 중구 세종대로 50,2
흥부전,2
쿠로,2
한국문화재재단,2
주식회사알트윈/다쯔미,2
마마스서울 중구 무교로 16,2
생태명가,2
송학 서울 종로구 종로 14,2
롤링핀정동점,2
뜰애우곱창타운,2
주로인터네셔널,2
안동한우마을,2
부원면옥,2
부산갈비,2
정대포,2
할머니칼국수,2
스타벅스 시청점,2
（주）더루이（서울 중구 세종대로21길 40）,2
세안홀딩스㈜,2
주식회사황생가／황생,2
아모제푸드（주）인천,2
라그릴리아 종로구 종로1가,2
우리식당,2
제이．에스,2
창고43 중구 무교로 21,2
켈리스코사보텐ＳＦ,2
응암감자탕,2
고미정,2
진자루,2
IOU,2
스테이크레이브,2
해피머니아이엔시,2
마깐레스토랑,2
동방양고기,2
용호낙지 식객촌,2
어사출또,2
이모집별관,2
㈜쿠팡,2
타니 본점,2
설참치,2
엠티에이치유한회사,2
코레일유통（주）서부,2
플레인,2
청계면관,2
본도시락 종로점,2
주식회사　현해,2
（주）파피루스시청,2
밥보,2
청진옥해장국,2
모락,2
경성다찌,2
차이홍,2
콩물에빠진두부,2
남대문막내횟집,2
용인숯불갈비,2
유로구로메,2
진남포막국수,2
（주）미진,2
디자인랩카페,2
연화,2
시립장애인,2
뚜리삼산채향,2
베리스트릿,2
탐앤탐스 대한항공서,2
나무가있는집 종로구 신문로2가,2
미담,2
원조보리밥수제비,2
미립,2
용궁해물샤브킹 중구 을지로1길 46,2
（주）엠에프지코리아,2
THE LOBSTER PLACE,2
투썸광화문,2
1982CUPBAB,2
하천관리과,2
서라벌 서울 중구 서소문로,2
다례원 고양시 덕양구 주교동,2
유로구루메,2
교촌치킨독립문점,2
청명가,2
폴바젯,2
Mr.피자,2
국회회관 식당 영등포구 의사당대로1,2
청해수산,2
（주）２０４６팬스테,2
낙산냉면,2
세꼬시회타운,2
52로스터스랩,2
이도맨숀,2
함춘원,2
더제이케이 키친박스,2
여수수산,2
바로고,2
전대감댁,2
탕의신 홍대포,2
우물가,2
㈜미진,2
작은마을,2
파리바게트 서소문점,2
창고43 영등포구 국회대로 70길 15-1,2
가얏골맛감자탕,2
장충동할머니집,2
둘레골,2
형제,2
BAR GONZO ULYANOVSK RU,2
정선할매곤드레밥,2
김설문 일식,2
신촌서서갈비　（북창,2
（주）카덴,2
파란대문,2
（주）리틀타이 서울 중구 태평로1가,2
키친메시야,2
월즈카페,2
강원식당,2
（주）교보문고 서울 종로구 종로 1,2
몽실이네,2
양크앤메츠,2
서가네옛날민속집,2
지구마을 사회적 협동조합,2
엘꾸비또,2
우리밀국시,2
"（주）이춘복참치, 서울 종로구 종로",2
풀그라운드,2
라브리（Ｌａｂｒｉ）,2
서안,2
챠이（Ｃｈａｉ）７９,2
카페브리즈,2
봉화골숯불화로구이,2
마이엑스와이프스씨크릿레시피,2
하나로 마트,2
어울림 영등포구 국회대로70길,2
호성 중구 을지로14길 21),2
로쏘 비앙코,2
모녀김밥,2
옛날민속집,2
미니스톱,2
해담채시청점,2
마포대도소곱창,2
향가,2
한라담 제주돼지 숯,2
영동족발,2
하동관강남분점,2
나드리돌판삼겹살,2
가시리여의도점,2
봄의마을우렁쌈밥,2
시골애,2
태림산채정식,2
대도식당,2
제주나라 영등포구 국회대로68길23,2
무교동1번지,2
서초복집,2
빕스명동중앙점,2
㈜소울푸드코리아,2
쌍다리돼지불백,2
펌푸드서비스（Ｆｏｏ,2
묵은지생삼겹항정살,2
어전,2
태원,2
애슐리 종각점,2
더　후라이팬　시청점 중구 남대문로9길 40,2
복이오 서울시청,2
서북면옥,2
서울올림픽파크텔,2
할매순대국,2
루시카토,2
삼거리푸줏간,2
왕비집 중구 무교로 19,2
카페더뮤즈,2
생활보건과,2
대한결핵협회,2
정주집,2
커피창고,2
장터순대국,2
스낵 다뉴브,2
에스플렉스푸드클럽,2
원조한치,2
（주）영풍안성상휴게,2
만나,2
맘초이ENA센터,2
태성골뱅이 중구 을지로3길 35,2
금산참복나라,2
아리스타커피（ＡＲＩ,2
카페두다트,2
블루,2
행복플러스서울시청점,2
남양우유,2
㈜해피머니아이앤씨,2
완차이,2
가야한정식,2
텀브커피,2
㈜해우리,2
만포막국수,2
모스버거,2
이품,2
파파존스 독립문점,2
북앤라이프,2
권명옥가마솥,2
묵호회집 서울 중구 세종대로14길 26,2
열빈 중구 세종대로21길22,2
시그니쳐　이키이키,2
늘솜 생어거스틴,2
만석장,2
코코호두,2
관훈경복궁,2
무교동식당,2
호가양꼬치,2
블루밍가든 청계천점,2
붓쳐스컷,2
해즈빈데어,2
이북집찹쌀순대,2
불타는 다동화로,2
서대문꼼장어집,2
동원참치서울시청점,2
오리마당 서울 중구 세종대로,2
마농초콜라띠에,2
（주）아워홈맘초이,2
완산골,2
운산 영등포구 여의공원로101,2
푸른제주,2
2Thirsty Taproom,2
신가원 설렁탕 중구 을지로1길 10,2
노바,2
코리아네트웍스킨텍스점 지가든,2
평안도만두집,2
페어트레이드코리아,2
설담재설렁탕,2
충무교자,2
방스만두 중구 다동길 22-1,2
화동옥,2
진할매원조닭집,2
향토 영등포구 국회대로780,2
서울특별시립장애인생 서울 양천구 목동서로 33,2
오리마당 중구 세종대로 92,2
한성 서울 중구 서소문로11길 8,2
２층계단집,2
만점족태평로지점,2
텀브커피　무교동점,2
목포낙지마을,2
돈까스클럽,2
산촌신쭈꾸미,2
굽네치킨２호점,2
안동찜닭,2
꽁시면관,2
명우돈가,2
이화수육개장 중구 다동길 16,2
커피빈 서울시청점,2
핏제리아꼬또 그랑서울,2
이마트인터넷몰,2
본죽＆비빔밥,2
자금성,2
STARBUCKS,2
신의주 찹쌀순대,2
정아농원,2
등촌식당,2
주식회사 다한우,2
대보름,2
브리카,2
심가네,2
순천집,2
멘무샤 시청점,2
심가네 한우고집,2
fc외식,2
안성휴게소,2
（주）커피빈코리아여,2
무교YG타워 파리바게트,2
CJ푸드빌,2
신흥반점,2
２５카츠,2
RENKU SINGAPORE SG,2
일품당 샤브샤브,2
강구미주구리,2
샐러드스탑　서울시청,2
（주）참치공방　마포,2
스시린,2
한국야쿠르트 종각점,2
소호정상암점,2
연수정,2
미치루,2
롯데시네마 애비뉴엘,2
봉평산골메밀촌,2
만찬,2
쌈촌,2
프레지던트 호텔,2
테라로사,2
지심도밥상,2
도토리,2
신부산횟집,2
꺼멍도새끼,2
폴앤폴리나,2
장원한정식,2
바다회센터,2
온오프코리아（주）,2
서촌통영 종로구 필운대로 47,2
디초콜릿커피,2
（주）코리아나호텔 서울 중구 세종대로 135,2
리선 영등포구 62로 36,2
포몬스,2
베스킨라빈스,2
（주）광화문아띠,2
롯데백화점 본점 중구 소공동,2
본김밥,2
빚은 무교점,2
더타지,2
삼도회집,2
본우리반상,2
속초집,2
벌말매운탕,2
반갑다하대포 중구 을지로3길 26,2
기소야,2
호이리거서울,2
꼬모레,2
갤러리힐링카페,2
수도시락,2
지혜,2
아한타이,2
하남돼지집（시청역점),2
남이섬 서울 중구 무교동,2
학산 광화문,2
제주오겹살,2
아트포라이프,2
광화문　국밥／（주）,2
미고백반,2
남산집 서울 중구 무교동,2
앵두꽃,2
장호왕곱창 서울 중구 남대문로1길 6,2
막내푸드,2
광화문 SFC 디쉬룸,2
덕암조개구이,2
고릴라,2
나주집,2
풀잎채,2
원주추어탕 서울 중구 무교로 17-27,2
Centre Monetique Interbancaire,2
정동각,2
투다리,2
정일품삼계탕,2
서라벌 한정식,2
봉산집,2
㈜허머스키친,2
포베이무교점 중구 무교동,2
희양양,2
파스쿠찌종각알파빌딩,2
바닷가의 작은부엌덕수궁점,2
무교소호점,2
파스텔 드 나따,2
CGV명동,2
만족 오향족발,2
쌀방,2
동대닭한마리,2
시울시청매점,2
이도식당 영등포구 국회대로 68길 11,2
더블랙테이블（ｔｈｅ,2
구팡할매보쌈,2
눈나무집,2
（주）뚜리삼-산채향,2
산채향 중구 무교동,2
본설렁탕　무교점,2
필리페페,2
미자네닭전문점 중구 서소문로,2
만점족태평로,2
싱싱회 영등포구 의사당대로 38,2
수산회관,2
┫觸릿,2
스타벅스시청점,2
마포갈비,2
수사광화문점 서울 종로구 종로3길 17,2
（주）닥터로빈　여의,2
（주)교보문고,2
덕수궁전통찻집,2
진국정동곰탕,2
황부자 서울 중구 을지로1길 34,2
늘봄웰봄／서초점,2
포리엔 중구 소공로98,2
황금도야지,2
스노우폭스 광화문,2
키사라＿광화문서울 중구 세종대로 136,2
정동국밥 중구 세종대로19길,1
폴리스 유한회사,1
신성 종로구 서린동,1
대게항,1
（주）농협유통하나로,1
폴바셋／엠즈씨드,1
맘초이ENA,1
밀레니엄힐튼 타이판,1
６（ＹＵ：Ｋ）디타워,1
만나 영등포구 여의도동,1
띤띤　에스에프씨（Ｓ,1
삼학도,1
부민옥2,1
국민추어탕,1
㈜해피머니 아이엔씨,1
홈플러스 익스프레스,1
활짝핀 메밀,1
베트남쌀국수,1
안동국시 종로구 종로14,1
봉평,1
파리바게뜨　번동주공,1
뚜레쥬르　인천공항입,1
무교소호정 중구 태평로,1
㈜한미리광화문,1
삼송빵집,1
가트트로 통,1
세종호텔,1
수송동학,1
（주）진미서산게장,1
명가헌,1
서소문곱창,1
이타마에,1
삼진어묵,1
유로그루메,1
홍대영빈루㈜ 롯데본점,1
배수사 중구 다동 117,1
온라인결제,1
미스터피자수유점,1
차차광화문점,1
보령약국,1
배들곱창,1
㈜1981볼드썬 중구 중림동,1
동원참치브이아이피,1
경조사 대상자 사무실,1
영화루,1
아일（Ａｈ１）,1
커피소,1
엘루체 컨벤션,1
와룡동 닭매운탕,1
태웅칼국수,1
일식성진,1
참복집 중구 세종대로 14,1
장미의 언덕,1
용두동동태탕,1
KURAMOTOKOSITU,1
카페드마마,1
드림메이커,1
돈까스클럽　상암점,1
잼베옥,1
하오씨,1
레스토랑무,1
자리（주）어린이대공,1
한우타운숯불구이정육식당,1
커피니,1
RESTAURANT EL CERCLE BARCELONA ES,1
화가연,1
사누키야본점 중구 태평로2가,1
번지없는 주막,1
본도시락　본점,1
와세다야,1
양자강 영등포구 62로36,1
서울로　가게,1
금화로불고기,1
찬양집,1
카페돌담콩 서울 중구 덕수궁길 9,1
오텔두스,1
파스텔드나따 중구 세종대로 124,1
올라또레,1
종로유가네육회빈대떡,1
백년옥,1
화주부,1
조우 종로구 자하문로33-5,1
백미가,1
두르가 서울 중구 무교동 45,1
포트메리온,1
굴다리전주통타물국밥,1
소속 상근직원 경조사비 지급,1
스터벅스,1
태애진숯불갈비서울 중구 무교로 17-25,1
동대문닭한마리,1
부산횟집,1
땀뽕 영등포구 국회대로76가길11,1
㈜차차 광화문점,1
미니스톱서울역점,1
북창동갈비,1
한라식당,1
만족족발,1
청오디피케이（주),1
솔밭한방삼계탕,1
중앙커텐,1
망원동　티라미수,1
기와집전주장작불곰탕,1
리샨 여의도점,1
육대장 중구 세종대로20길23,1
광화문만두,1
더 루쓰,1
곱창고 영등포구 의사당대로 38,1
엄마손칼국수 영등포구 국회대로74길 12,1
프레밀,1
킹콩부대찌개 보라매점,1
ＢＲＯＷＮ　ＢＥＮＣH,1
남강일식,1
구정숙추어탕,1
고기도국수면,1
서대문왕자식당 서대문구 충정로7길 30,1
중화복춘,1
라화쿵푸,1
젠서울 종로구 새문안로 38,1
한국야쿠르트종각점,1
강꼬일식,1
소공 중구 서소문로139,1
하남돼지집　당산역점,1
철판목장 피맛골점,1
（주）커피빈,1
동원브이아피 중구 세종대로22길,1
명동칼국수 중구 을지로지하 12,1
FC외식 프레스센터 프레스클,1
맛나직화구이,1
봉희설렁탕,1
피자와치킨의러브레터,1
미가-서울 중구 남대문로9길,1
몽로 중구 세종대로21길 40,1
만복영양솥밥,1
홈메이드샌드위치,1
백암토종왕순대,1
충무로쭈구미 불고기,1
주식회사비케이알／버서울 중구 무교로,1
㈜스타벅스커피,1
노량진농수산물납세조,1
Sofitel Amsterdam,1
（주）놀부보쌈잠실점,1
삼호어묵제일제당점,1
라그릴리아광화문,1
"곰국시집, 서울 중구 무교로",1
원조평양냉면,1
진원조　닭한마리,1
미시렁너머,1
명동경성숯불갈비,1
시장활어,1
세종로포차,1
만족족,1
본가한국의집,1
서소문부대점,1
광화문 해리,1
샤또고래,1
원조할매보쌈설렁탕,1
제주성 고기마루,1
오후청 중구 북창동 104,1
오메가생선구이,1
미고백반 중구 서소문로 115,1
명가왕족발보쌈,1
계경순대국,1
발아메밀막국수,1
해물나라,1
카페블루오,1
미스터도넛　서여의도,1
CAFFE DIVINO,1
디미,1
서울시정개발연구원 매점,1
둥굴관,1
한솔집,1
Stone s,1
스타벅스 시청플러스점,1
차이 797,1
아워홈 맘초이,1
백남관광,1
포메인시청점,1
iZ*Tight Aps Kobenhavn KDNK,1
설담재,1
높은집종가산꼼장어,1
서울특별시립장애인생 서울 중구 세종대로 110,1
청춘극장,1
빈스 앤 배리,1
송정식당,1
명물갈비,1
파랑가by콩두,1
뚜리삼 중구 청계천로,1
왕가설농탕,1
강민의명태명가,1
더벤티,1
코레일유통 도시락점,1
할리스 KBS점,1
（주）춘산에프앤비 서울 중구 태평로1가,1
경원식당,1
외식이야기,1
맛있는순두부김치찜,1
라칸티나-서울 중구 을지로,1
빕스,1
봉명성,1
（주）구슬함박영등포,1
이남장설렁탕인사동,1
서울첫번째,1
팔선생,1
㈜철판부대찌게,1
홍영재청국장,1
카페　줄（ｃａｆｅ,1
옥이네순두부,1
주식회사　진곰 중구 세종대로,1
㈜서린낙지,1
주식회사해뱅이,1
종합포장마차,1
입큰메기,1
Hotel Douc,1
마산할매간장게장,1
훈민정 중구 서소문로132,1
Pho Lien,1
（주）코리아세븐무교 종로구 견지동,1
（사）서울특별시시우,1
수원식당,1
옛날옛적에,1
암사점　하남돼지집,1
한성각,1
더미 본점,1
베어배터,1
유명식당,1
뉴웨이브커피로스터스,1
전통설렁탕,1
메리그게이스,1
두가현,1
복만루,1
차이나팩토리,1
구디구디,1
카페베이트리,1
옥경이네건생선,1
진진바라청화,1
네스프레소 부티크,1
유로구로매㈜ 종로구 자하문로,1
마노디셰프　명동점 서울 중구 명동길 26,1
스미스가　좋아하는,1
신천장어와한우,1
켄켄　시청점 중구 무교로 19,1
쉐프스코리아,1
선비옥,1
태애진숯불갈비 중구 무교로,1
강산옥,1
주식회사　동원브이아 서울 중구 세종대로,1
원조찹쌀순대,1
탐앤탐스블랙 청계광장점,1
삼천궁식당,1
㈜케이티,1
명요,1
북해도,1
티그라운드,1
수진사,1
시루향기콩나물국밥전,1
서대문외할머니라면,1
어부,1
춘천명물닭갈비,1
（주효창에프씨,1
THE BULL-3,1
호아빈 오리진,1
FAIRMONT JAKARTA-HO,1
저스트,1
서노스시,1
아미고 그룹,1
제이피커피로스터스（서울 마포구 성미산로3길 4),1
정동설렁탕,1
남산집서울 중구 무교동,1
명동칼국수서울 중구 을지로）,1
누에,1
펌푸드서비스（Ｆｏｏ서울 중구 무교로 6,1
아마스빈,1
오레노,1
셀렉토커피,1
라그릴리아 양재점,1
푸른농원,1
삿뽀로서초점（주）엔,1
라이스&파스타,1
북카페산책연남점,1
앞마당,1
（주）부자되세요창고,1
에셀나무카페,1
만경 간이 횟집,1
국순당백세주마을,1
상도갈비타운,1
독토 서울 영등포구 국회대로70길 7,1
강남면옥 종로구 새문안로 38,1
오래복집 중구 동호로288,1
별미곱창,1
우리식품,1
세븐일레븐도봉플러스,1
아오미,1
연서순대국,1
버드나무집,1
쌀국수　ＰＨＯ　３５,1
다운타우너,1
두레미담,1
엄마네손맛 영등포구 은행로 3,1
시민식당,1
광화문진진바라,1
닐리,1
（주）토다이명,1
동호일식,1
불볶이와튀김범벅시,1
한식미담길　（인천공,1
착한낙지목동,1
위드미　서울시청점,1
곰바우,1
서울 삼계탕,1
유림회관,1
부처스컷광화문점,1
빌리엔젤　서소문점,1
Vinitus Barcelona,1
농민백암순대 영등포구 국회대로780,1
차이난상암점,1
만남의휴게실,1
창포원북카페 비비다이어리,1
파스쿠찌서여의도점,1
북한산씨티파리바게뜨,1
성산포 바당,1
주식회사지오신／발우공양,1
투썸커피,1
더스테이크하우스,1
파워플랜트바이오티디,1
한우고집,1
명동할머니국수（시청,1
황금복국,1
굽네치킨２호점 서울 종로구 삼일대로19길 26,1
강구미주구리 종로구 자하문로2길,1
안동할매청국장,1
열빈（중구 세종대로）,1
모로미쿠시 선릉점,1
이화고려청,1
메이드　인　시카고피자,1
주）프리미엄패스인터내셔널,1
늘품,1
루이 광화문점,1
만족점태평로지점,1
수수,1
르네상스제과점,1
온마을즉석두부,1
SHAKE SHACK,1
버스버거,1
행복한 하루 소바,1
산동추어탕,1
행복전집 중구 다동길 31,1
타이거타이거,1
광화문 한옥집,1
㈜리틀탄이,1
"미고백반, 서울 중구 서소문로",1
허브치킨,1
텍사스,1
롯데쇼핑주시회사,1
춘산에프앤비 파이낸스점,1
재윤이네 라갈비,1
파리바게뜨 종로시그,1
아카미,1
횡강골 남원추어탕,1
용진물산／유메,1
동래복국,1
투썸종로구청,1
유숙단부자낙시,1
깡장양곱창,1
우군순두부,1
그랜드프라자,1
팻누들　유한회사 종로구 종로3길 17,1
（사）탈북여성지원지 중구 세종대로,1
신기소용산아이파크몰,1
까페가비,1
바다마트강서점,1
스시하루,1
㈜마지,1
현대옥,1
한우리 신세계본점,1
나들가게　가족마트,1
상하이루,1
올리브네트웍스,1
노랑통닭,1
㈜파리크라상파스,1
주-무교원원대구탕,1
빈대떡신사,1
강남설렁탕,1
아도레쿠치나,1
콩두 종로구 새문안로55,1
명동관전복세상,1
SUSHIYA JAPANESE RESTAURANEW YORK US,1
한국문화재재단／한국,1
CGV 명동,1
봉추찜닭서울 중구 세종대로 136,1
탐라참치,1
일품당 프리미엄,1
메이드인 시카고피자,1
주식회사팔복천안지점,1
앙미옥,1
MCD 046 FROGNER,1
도쿄하나　사당점,1
반월당고로케 무교점,1
방스만두 중구 다동 다동길 22-1,1
영동족발양재３호점,1
CPK명동,1
돈까스＆덮밥,1
코코닭,1
이랜드파크애슐리,1
능라도,1
굽네치킨,1
보나베띠　서울역점,1
미향 한정식,1
아주건강한속삭임,1
HENRY VIII SHABU SHABU,1
스타벅스커프,1
주식회사 철철,1
긴자,1
길촌,1
B&B,1
제이에스 중구 무교로 32,1
포쿡 광화문D타워점,1
육갑식당,1
원조부대고기,1
죠스떡볶이 구산역점,1
백년가,1
신강릉경북식당,1
스타벅스 서소문로점,1
피자에땅　신당점,1
영동레저산업（주）여,1
FC프레스센터,1
스몰하우스앤빅도어 중구 남대문로9길 6,1
북한산한우마을,1
한곰탕,1
뚜썸플레이스,1
순남시울시청점,1
서울 양천구 목동서로 33,1
55번가 석관동떡볶이,1
지노,1
봉추찜닭 중구세종대로136,1
제일가든 중구 무교동 31,1
프란조키친,1
한류관 영등포구 국회대로 750,1
제이케이씨푸드,1
송연,1
파리바게뜨 중구 남대문로9길,1
그리다꿈,1
꽃닭닭갈비,1
원조신촌설렁탕,1
행복플러스신청사,1
（주）광화문　아띠（서울 종로구 세종로),1
아웃백 을지로점,1
인사동풍경이있는찻집,1
신복관,1
롯데호텔,1
할리스커피（ＨＯＬＬ,1
명동순대국,1
해우리 서여의도점,1
FC외식 프레스센터프레스콜,1
텀프커피,1
다온참치,1
영덕회식당（중구 무교동）,1
채움,1
탐나 제주근고기,1
슈가,1
마실쌈밥,1
금빈,1
빠네파스타,1
제일제면소 중구 세종대로,1
매당,1
너뱅이등대횟집,1
（주）김앤김대게　공,1
카페온다,1
부산집,1
미진본관,1
레더라에쓰에프씨점 서울 중구 무교동,1
조스떡볶이,1
닥터로빈 광화문,1
소곧동 뚝배기집,1
송정설렁탕 광주 광산구 상무대로 215,1
명동면옥,1
서울 동작구 사당로 183,1
디스트릭트엠 중구 삼일대로343,1
스터벅스 서소문점,1
서래본가,1
느티나무집,1
갈비만서울,1
혼마참치,1
롯대쇼핑,1
에스지다인힐,1
파리바게뜨 무교YG타워점,1
드꼼뜨,1
CHIRIGUITO DEL VELA,1
제시찬,1
툇마루밥상,1
본도시락서여의도점,1
창경궁,1
죽변미주구리막회,1
후생동 매점,1
엘꼴라또,1
크리스피 크림 도넛,1
어반가든 중구 정동길 12-15,1
마르셀 서울 중구 남대문로5길 15,1
놀부부대찌게,1
최수사,1
하이로비어,1
오키친푸드,1
툇마루,1
푸하오,1
SG다인힐,1
국수나무,1
GOGOGI GMBH BERLIN,1
장터국밥,1
삼대나주곰탕,1
오세요추어탕,1
닥터로빈 시청 서울 중구 세종대로20길 23,1
재동맥주,1
어미가 중구 서소문동 26,1
서여의도해,1
한국문화재단,1
（주）세븐스프링스 종로구 새문안로 68,1
빛두레화원,1
소쇄원국시 영등포구 국회대로74길 19,1
만석닭강정,1
뽕앤까스,1
TIAN TIAN FISHERMANS PIER,1
행랑채,1
패밀리아,1
순이네,1
노보텔,1
범's,1
떡이랑고기랑,1
여수바다장어 중구 을지로3길21,1
본죽 서울 중구 세종대로11길 42,1
커피더캠프 시청역점,1
전주단지네,1
청담머구리,1
해도식당,1
서울시립대 구내식당,1
㈜바닷가에작은부엌 중구 덕수궁길 7,1
신천순대국,1
캘리스코사보텐SFC,1
신수정회식당,1
R.ENA,1
제주흑동,1
두소,1
코리아나호텔커피숍,1
북촌전골 롯데본점,1
사직단 커피집,1
씨엘０１,1
동원민물장어서울 중구 남대문로1길,1
파리크라상커피,1
명가교동　종로점,1
뉴서울사진기 설리반,1
바다회사랑,1
두레우가,1
맛있는순두부앤김치찜,1
문쓰캐터리,1
버커킹무교점,1
（주）이티앤제우스불 서울 중구 태평로1가,1
통통구이,1
동원참치브이아이,1
선산,1
２０４６팬스테,1
CE LA VI SINGAPORE SG,1
서래헌,1
정무관 초밥＆참치,1
특별시립장애인생,1
돈주황,1
명태공,1
오띠모,1
전주쭈구미마을,1
수래연 서울 종로구 청계천로 1,1
한쿡N서울타워점,1
바카날레노이,1
카페오늘,1
드림컬쳐㈜,1
（주）닥터로빈시청 서울 중구 세종대로20길,1
카페하랑,1
bbq치킨,1
빠리가옥,1
자라봉,1
매일한우타운식당,1
써니　즉석떡볶이,1
열빈（ 광화문점）,1
명동CGV,1
ENA 스위트호텔 식당,1
토말어촌,1
GS25덕수점,1
㈜바이오비즈 이나니와요스케 시청점,1
포베이무교점 서울 중구 무교동,1
SOMBOON SEAFOOD SAMYAN,1
ＫＦＣ서소문점,1
고궁수라간,1
쌈사랑,1
두가헌,1
예스지다인힐붓,1
㈜뚜리삼 중구 청계천로,1
우리은행 서울시청지점,1
벽제샤브샤브,1
횡성순한우종합축산,1
두툼,1
한일,1
（주）롯데리아인천공,1
대두소곱창,1
㈜닥터로빈시청,1
재단법인 세종문화회관,1
오동도,1
남포면옥 중구 다동,1
한국공예관,1
농협유통양재,1
동방시계,1
에프알엘코리아,1
브람스,1
우도일식 중구 태평로 1가,1
심플프로젝트컴퍼니,1
신의주부대찌개 시청점,1
GRAVYBABY SB-CROWN,1
미스사이공　불광점,1
메이징에이 서울 중구 세종대로 136,1
카페7그램,1
동수원 숫불갈비,1
정동국밥 서울 중구 세종대로19길,1
주식회사　시드버거,1
왕왕생고기 중구 을지로,1
석촌,1
오！왕서방,1
라그릴리아광화문점서울 종로구 청계천로 11,1
킴준플라워,1
㈜효창에프씨,1
KAMASOT,1
은평두레소비자생활협동조합,1
영동왕족발,1
부여집,1
대문한정식,1
포메인서울,1
작당,1
해담채 시청점,1
써머셋,1
장수갈매기,1
장미빙수,1
뚜띠쿠치나,1
인블러썸,1
국회의원식당카페 영동포구 의사당대로 1,1
서울행정법원 융선당 1층,1
아이서울 중구 다동길 22,1
（주）아워홈서울시인,1
미성회관,1
똑순이,1
샘밭막국수,1
산다미아노,1
더프라이팬시청점,1
화홍문갈비,1
생어거스틴여의도점,1
장군뽈따구 서울 동대문구 망우로16길 5,1
목포집유달산,1
낙지한마당 영등포구 국제금융로6길30,1
오대리식당,1
대관령한우,1
벽제갈비서래,1
유포러스,1
세가프레도,1
조선옥　서래점,1
정성이가득한최고의밥,1
피자알볼로 신당점,1
전동횟집,1
넥타이맨갈치동태,1
메이징 아이,1
옛터골,1
오바다,1
참맛군대국,1
담소두부전문점,1
솔밭숯불갈비,1
주식회사　세원위　종,1
모리,1
싸바치킨 중구 무교로 12,1
스시다네,1
KFC 영등포구 국회대로70길 15-1,1
광화문　더덕순대,1
춘천골,1
전주중앙회관,1
행복커피,1
gs25,1
국순당,1
올레버거왕만두,1
홍대박아구해물찜탕,1
국시집,1
봉궁,1
철판&부대찌게,1
하동섬진강재첩국식당,1
이광호등심,1
참골,1
너구리칼국수,1
Ｍａｎｇｒａｉ　Ｔａ,1
바르다김선생서소,1
가가미,1
등촌칼국수,1
경성갈비,1
시카노이에,1
（주）호텔신라,1
곤들애,1
신선설농탕이태원본점,1
한국정보통신／통신,1
더미 중구 남대문로9길40,1
DIVER CITY TOKYO PLAZA TOKYO,1
더핸드,1
카페베네　신도림ＴＭ,1
계림마늘닭,1
금강산소한마리정육식당,1
송정,1
라그릴리아 종로구 청계천로11,1
골드바툴,1
유원정 중구 소공동,1
모닥홀딩스,1
안즈　페럼타워점,1
서양음식,1
오메야육개장,1
㈜로컬푸드한상,1
원조마포갈비,1
파리바게뜨　무교ＹＧ서울 중구 남대문로9길,1
에이오사십일,1
강변연가,1
건호네식당,1
피어라희망카페,1
딩호　양꼬치 서울 중구 남대문로1길 26-10,1
오감만족마시찜,1
패티패티　청계천점,1
왕십리황소곱창,1
화동플러스 마포구 백범로 205,1
카페아임홈광화문,1
한일식당,1
㈜ 현현 노바지점,1
전주콩나루콩나물국밥,1
파리바게뜨　무교점,1
더테이스트 무교점,1
이마트249중구무교동6),1
텐바이텐,1
카페이스턴,1
투뿔등심 중구 한강대로 416,1
너섬 영등포구 여의도동,1
박용석스시（５호점）,1
만나정,1
백로,1
㈜황태회관1번지,1
Rheinhotel Dreesen Bonn DE,1
산천마루,1
난랑,1
에이치가든,1
7017 여행자카페,1
세꼬시,1
무교동본가낙지,1
원대구탕 서울 종로구 청계천로 17,1
정선곤드레쌈밥,1
서서갈비 북창동,1
차옥자병천순대옥,1
강용구 족발 보쌈,1
까예데고미스,1
어머니족발,1
금파,1
한성돈까스,1
온더보더　광화문Ｄ타 서울 종로구 종로3길 17,1
크리에잇,1
티원（용산구 청파로),1
맛나식당,1
비쳉향푸드,1
（주）동서,1
제일제면소　서울역사,1
싱카이 광화문점,1
춘천집,1
롯데물산,1
대길식당,1
스쿨푸드광화문점,1
마이엑스와이프스씨크 중구 세종대로 136,1
카페　그레벵（중구 을지로 23),1
서울 중구 서소문동,1
노틀담베이커리,1
구내미자식장,1
정선할매곤드레,1
에스오치킨앤키친,1
전주아침 영등포구 의사당대로1,1
성우서서소갈비,1
㈜공차코리아,1
사유　주식회사　（ 용산구 이태원로54길 5),1
옥산휴게소,1
삿뽀 목동점,1
빨간돼지 외 1,1
황강골 남원추어탕,1
콴쒸이,1
돈존,1
문래동순대국,1
감동,1
콩스콩스-인터넷,1
생어거스틴 광화문점,1
설리반 중구 을지로 지하12,1
갈비정원,1
ＣＩＵＲＩ　ＣＩＵＲ,1
（주）용진물산／유메,1
（주）도마　（중림동,1
유로리더스,1
곱창의전설,1
동원참치브이아이피（중구 세종대로),1
일마지오　명동점,1
통큰문어,1
카나나,1
JUMBO,1
정가네숯불구이,1
한국피자헛 숙대역２,1
롯데쇼핑（주）스타시,1
평양면옥 중구 장충단로 207,1
던킨도너츠 시청역점,1
광화문갈비,1
（주）켈리스코사보텐,1
메이차이나,1
카페 이탈리아,1
대성설렁탕,1
금대한우도매식당,1
종암동 바다횟집,1
피에프창,1
서울불고 기,1
둘리식당,1
순풍샤브샤브,1
미가정식,1
김가네 신천점,1
청해진 동작구 노들로688,1
㈜고기익는마을,1
광화문 더덕순대,1
엑스포횟집 여수시 오동도로 78,1
마포℉,1
서울시청 생활보건과,1
한국관 서울 중구 서소문동,1
메이드인사카고,1
런던케이크샵,1
기찬족발보쌈,1
리치몬드과자점,1
에스크컨베이,1
성원유통,1
진진국,1
이대조뼈다귀,1
스몰하우스,1
봉피양 송파구 양재대로 71길1-4,1
㈜토다이,1
더블핸드스테이크,1
맑은바닷가,1
세안홀딩스（주）　（종로구 새문안로),1
일비노로소,1
리틀타이 서울 중구 태평로1가,1
하이난,1
달콤커피　오버더디쉬,1
화목 종로구 새문안로5길 11,1
정호식당,1
달의객잔,1
경도일식,1
AMARRA O TEJO,1
주식회사　동원브이아피,1
쿠벤,1
우리카드／온누리상품권,1
아누통상 종로구 율곡로44-8,1
더 키친 살바토레 써머,1
깐부,1
서울가든호텔,1
물맑,1
롯데월드몰 푸드코트 수하동,1
（주）삼형제　엔터테,1
GOTEBORGS OPERAN,1
플라토스호스피_엘쁠라또,1
물골안랜드,1
농업회사법인이앤조이,1
데니율리,1
디어테이블,1
샤이바나광화문,1
시청 간담회장,1
독도게찜,1
"딩호　양꼬치, 서울 중구 남대문로1길",1
슈퍼커피　청계다동점 서울 중구 다동길,1
（주）신화푸드긴자,1
옥참치,1
암소한마리,1
풍황,1
민소한우 종로구 종로,1
남산찌개,1
원조골뱅이,1
이랜드파크외식,1
잇,1
담소사골순대 종로5가점,1
방일해장국 정돔점,1
맛기행사계절,1
모바일 시정홍보 영상제작 간담회 비용 지급,1
캐나다 - 몬트리올 OLD,1
달빛마을,1
대통령수육국밥,1
성북동 빵공장,1
이태원천상서소문점,1
㈜롯데리아,1
맛있는 순두부＆김치찌개,1
호정식품,1
（ 주）더루이,1
투썸플레이스　용산트,1
강릉해파랑,1
맛있는교토,1
대청마루김치촌,1
구백식당 여수시 여객선터미널길8,1
원미각 종로구 삼일대로19길18,1
광화문sfc디쉬룸,1
여의도내장탕신관 영등포구 국회대로70길 7,1
구이구아,1
피자헛성산３호점,1
뚜리삼 제주흑돈,1
왕십리원조황소곱창,1
홈마트,1
라　그린　Ｌａ　Ｇｒ,1
국수뜨락,1
리본커피랩,1
㈜ 학산,1
교지나주곰탕,1
㈜그레벵코리아9중구 을지로 23),1
Pig & Whistle on 3rd,1
금왕,1
（주)바닷가작은부엌,1
감매기집,1
곽수산,1
이삭,1
만족점태평로,1
아미고,1
신안동찜닭,1
무궁화,1
혜명준식,1
달콤커피광화문점,1
단풍나무 삼청점,1
호아빈 중구 서소문동 14-2,1
왕비집 중구 무교로19,1
메밀수제비누룽지백숙,1
동자희망나눔센터,1
퍼밀,1
커피사피엔스,1
남원상사,1
브라세리인스페이스,1
O2 CHECK,1
백세남원추어탕,1
중국성 중구 서소문로129,1
방자네,1
빈앤베리,1
주식회사　잇츠크리스,1
복이오복국,1
항아리보쌈,1
금산민속칼국수 영등포구 국회대로70길 19,1
싱카이＿광화문 중구 세종대로 136,1
무교yg파리바게뜨,1
청수 영등포구 국제금융로112,1
요요마의키친,1
서울대병원 장례식장,1
㈜한식문화관,1
월빙봉평메밀마을,1
송죽장,1
해우리아이에프,1
켈리스코사보텐ＳＦＣ 중구 세종대로 136,1
돈수백 외 1,1
피아이이주식회사,1
왕왕불고기,1
한우마을,1
숯불구이,1
깐부치킨 중구 세종대로78),1
공차왕십리역사점,1
타스카페,1
치킨밸리,1
（주）씨앤코컴퍼니,1
월매네남원추워탕,1
the other beans,1
동해도본점 서울 영등포구 은행로 25,1
（주）킴스패스시청점 중구 세종대로 124,1
효자바베,1
원바잇,1
고요남 종로점,1
한국문화재재단 돌담집,1
종로참치,1
모두갈비 서울 중구 서소문로 109-6,1
초류향 서울 중구 다동길 24-10,1
한강오리,1
레더라에쓰에프씨점,1
후암,1
효자동목고기,1
두루　계동점,1
대원 영등포구 의사당대로127,1
주식회사구츠,1
송이족발,1
백철판,1
서울 중구 남대문로9길 40,1
비노비또,1
Korean RSTRNT NAGOYA,1
경성집,1
돈통마늘보쌈 보은점,1
리더스 나인 서대문점,1
미흥 종로구 새문안로9길 19-1,1
보신각 무교점,1
흥부골　숯불　돼지갈,1
송원스끼아끼샤브샤브,1
애성회관 중구 남대문로5길 23,1
강중범　초밥집,1
（주）뚜리삼서울 중구 청계천로 8,1
불타는황소곱창,1
김영희강남동태찜,1
육대장 장한평역점,1
치아바타몽스,1
홍사마초밥＆참치,1
서울 종로구 북촌로5길,1
삼삼이네,1
베네브라운,1
차이하네,1
두르가 서울 중구 무교동,1
루나미엘레,1
천미향,1
장수삼계탕,1
YUM YUM CHA,1
（주）삼천리이엔지／ 서울 중구 을지로5길 26,1
삼양장수생삼겹살,1
（주）월향 마포구 와우산로,1
홍샤오,1
아카사카,1
춘천애니닭갈비,1
이찌이,1
스시이찌,1
비엣콴（ＶＩＥＴ　Ｑ,1
미자네닭전문점 중구 서소문동,1
차이나플레인 영등포구 국회대로76길,1
가조고향마을,1
（주）토다이명동점,1
뉴욕핫도그,1
하늘광장카페 중구 세종대로 110,1
안암골 성북구 동소문로22길,1
㈜만점족태평로2,1
산채향 중구 청계천로 8,1
우메다,1
붓쳐스컷 중구 세종대로136,1
슈퍼스트림,1
우미노이,1
신장군,1
바다와들,1
HOTEL KOENIGSHOF BONN DE,1
최대감네,1
알트윈푸드,1
여성성공센터ｗ－ｉｎ,1
해우리（주）해우리남,1
민소한우　금융로점 서울 영등포구 국제금융로6길 26,1
미나리하우스,1
삼우정 중구 서소문로,1
돈까스백반,1
원조꽃게아구해물찜,1
왕왕샤브샤브 중구 을지로 6,1
yanks&mettz,1
무가네 황우갈비,1
연서면옥,1
도미노피자서대문점,1
빈즈베리리즈,1
이십사절기 서울 중구 세종대로,1
속초대구탕,1
폴바셋　서소문점,1
큐스닭강정,1
고려　보쌈 서울 중구 세종대로20길 23,1
유성관,1
탐앤탐스 대한항공서소문점,1
화로양갈비,1
이브릭,1
혼스시,1
놀부부대찌개 중구 다동 155,1
스시이소,1
아키,1
담은식당,1
LEGAL HARBORSIDE #219 BOSTON US,1
메이드인 시카고,1
의리의리한집,1
길맨참치스시바,1
진동안집,1
주식회사　당산허브족,1
사가네남원추어탕,1
최성근의 작은음악회,1
지중해 중구 세종대로 14길,1
Ravintolakolmio Oy,1
주식회사거구상사,1
프레이저 플래이스,1
투써스티,1
윤시동,1
（주）유니코아,1
서울좋은병원 장례식장,1
백암제일식당,1
한우마당 중구 북창동,1
대청마루 영등포구 국회대로62길 23,1
아성청국장,1
샘모루 영등포구 국회대로66길 19,1
스몰하우스박도어,1
만게츠,1
커피언리미티드,1
강진수산,1
제주하루돈농장,1
창숯골,1
해우리무교점 중구 남대문로,1
해든,1
대문양꼬치,1
에이프릴２1,1
철판요정,1
강남교자,1
（주）아워홈　푸드엠,1
은호,1
나폴레옹과자점 서울 성북구 성북동1가,1
삼진어묵 중구 소공동,1
탐앤탐스 청계점,1
동해남부,1
El Rebost de la Plana,1
스시클럽 영등포구 은행로3,1
만점족태평로2,1
부띠끄 경성,1
서울특별시립장애인생산시설,1
브처스컷 광화문점,1
이씨엠디,1
소한마리정육식당삼양,1
도성,1
포포유,1
육미앤만선,1
㈜더부페케이터링,1
글래드호텔,1
차현희순두부,1
매드포갈릭 명동점,1
창고43 무교동,1
네네치킨,1
（주）파리크라상여의 서울 영등포구 국회대로74길 12,1
은&정명동닭갈비,1
룽청,1
우들목　여의도점,1
성미산망고,1
아라한,1
르돌치일구사육주식회,1
베이크,1
쿠벤 광화문,1
박은자맛사랑,1
주식회사행복한구이세 서울 종로구 삼일대로15길 19,1
자연별곡 명동점,1
석천가든,1
진아춘,1
커피메니아,1
뚜레쥬르상암 D M C,1
주식회사행복한구이세상,1
영농조합법인한국맥꾸,1
포메인 서울시청,1
백년삼계탕,1
캐나다 - 몬트리올 SENATEUR MONTREAL CA,1
화동플러스,1
국수먹는꼴뚜기,1
삼풍숯불갈비,1
무궁화대구탕,1
무교 소호원,1
왕짬뽕,1
불이아,1
파리바게뜨 중구 서소문동 26번지,1
ＳＫ네트웍스（주）워 서울 광진구 광장동,1
공작식품,1
５７번가카페,1
디얼 루어,1
대동삼계탕,1
한우마을정육점,1
싱싱푸드,1
카페 에슬로우,1
정통,1
아리랑서울 중구 남대문로7길 23,1
해물짬뽕,1
쎄리오,1
덕송,1
순두부와해물촌,1
진시황북어국,1
대구막창,1
서강8경,1
로타리본가,1
두암식당,1
후쿠오카함박,1
제주성,1
퍼푸드서비스,1
새우당,1
건강증진과 직원,1
평안도집 외 1,1
주래등,1
호정,1
돈정,1
정다운돌솥밥생선구이,1
겔라포트,1
돌마리부대찌개전문점,1
하이디라오（유）,1
교동선생,1
이태원천상서소문 중구 서소문동 75,1
자작나무 서울 동대문구 전농로30길 27,1
더참맛수육국밥,1
축의금,1
ＧＳＳＨＯＰ,1
행복플러스신청사점 서울 중구 세종대로 1103,1
（주）광화문　아띠（종로구 세종로),1
SKY ON 57,1
주식회사　이태리총각,1
청해진 동작구 노들로 688,1
대장금,1
강원도농수특산물진품판매장 마포구 월드컵북로 25,1
㈜디에스크린,1
르브래드랩 중구 소공동,1
투뿔등심 서울스퀘어 중구 한강대로 416,1
아리스타다동점,1
메밀살롱,1
한국회관 중구 을지로3길 30-5,1
우정돈식당 성동구 이수이로 75,1
문향,1
아워홈서울시인재개발원,1
용금옥 중구 다동 165-1,1
１１번가 경기 성남시 분당구 판교로,1
복이오 시청점,1
태광마트,1
월매남원추어탕,1
고깃집,1
브라운박스／（서울 중구 다동길 23）,1
설리반스트리트 중구 을지로지하12,1
골목안정원,1
팻누들　유한회사,1
（주）태그린샤이바나 서울 중구 세종대로,1
손칼국수,1
유한회사　아름다운한,1
（주）성수족발,1
할리스커커피,1
마이엑스와이프스씨크 서울 중구 세종대로 136,1
연희동손칼국수,1
왓츠피데　북촌점,1
소담골 영등포구 국회대로68길7,1
대가방,1
풍년 닭도리탕,1
㈜세원외식산업산채향,1
㈜커피빈,1
묵호일식,1
음식시민학교 운영 전문가 간담회,1
대도참치,1
YAKINIKU TAMURA,1
루핀　（ＬＵＰＩＮ） 서울 중구 남대문로9길 40,1
수국식빵,1
시청구내식당 중구 세종대로,1
서울시청서소문청사구내식당,1
송원 스끼야끼,1
슬런치팩토리,1
남도제철음식점,1
보헤미안박이추커피,1
반도명동,1
카페그레벵 서울 중구 을지로 23,1
28년 전통의정부 부대찌개,1
서울삼계탕 중구 남대문로,1
스타프랜드,1
아까Ｈ,1
룩아워티,1
카페베네쌍문역,1
주식회사　육전식당 서울 동대문구 난계로30길 16,1
자갈치야시장,1
예초,1
캐나다 - 몬트리올 SUITE 701 /KYO /PLACE MONTREAL CA,1
간담회장,1
엘쁠라또 용산구 녹사평대로32길9,1
동해도 중구 무교로28,1
여의도 소호정 영등포구 여의도동,1
（주）테이스티파트너,1
커피스탑２／（주）에 서울 종로구 자하문로7길 29,1
㈜바닷가작은부엌 덕수궁점,1
고창선운사풍천장어,1
（주）식객촌　태평로 서울 중구 세종대로 55,1
삼육가사당역1호점,1
커피타임,1
참복집 중구 세종대로 14길,1
크레마,1
엉터리생고기 서울 중구 순화동,1
가장 맛있는 생고기,1
다미옥함흥냉면,1
미소한우,1
꽃게아구해물탕전문점,1
브릭오븐,1
다쯔미 종로점,1
해주부물회 포항시 북구 흥해읍 한동로 65번길 11,1
남산국악당카페,1
한남일류초밥,1
가미우동,1
명륜건강원,1
서소문별관 식당,1
도라후구현복,1
파티오４２　필동점,1
뚜뿔등신,1
이디아커피　세종시어,1
삼오순대국,1
롯데백화점 본점,1
파피루스시청점,1
시드버거,1
마라상궈,1
예담밥상,1
서문옥,1
동신참치양재직,1
촛불,1
스타벅스점,1
파리바게뜨 무교YG,1
고향일식,1
퇴계로집,1
참치생각,1
맛있는 순두부,1
동헤일식,1
기가막힌닭한마리,1
천황식당 진주시 촉석로207번길3,1
국회후행복지위원회,1
모즈에이퍼스트호텔점,1
국방부 근무지원단,1
크리스탈제이드 소공점,1
홈플러스스토어즈,1
흑산도 홍어 본가,1
신촌황소곱창 종로지점,1
정선네,1
텐카이,1
강릉짬뽕순두부,1
서가네식당,1
창고3４무교점,1
비어할레 중구 새문안로5길19,1
라 스텔라,1
전주밥상,1
에이투지　카페,1
정육식당,1
주식회사비케이알／버거킹,1
４＇Ｃ,1
주유별장 종로구 종로3길 17,1
미스터브리즈커피영등,1
이문어세상　충정로점,1
정관장,1
뜸팡이와묵은지,1
어부네,1
삼육공,1
대도에프엔비,1
시청연근매점,1
이층집광화문,1
감미옥,1
봉구스밥버거,1
만점족태평로지,1
왕비집 중구 무교로,1
제일횟집 경남 창녕군 남지읍,1
（주）춘산에프앤비 중구 태평로1가,1
글래드호텔 식당,1
봉평　막국수（종로구 율곡로 44-12),1
해변의꽃게인사동점,1
연남서서갈비,1
채선당종로점,1
시청카페뜨락,1
옛골토성과천점 과천시 과천동,1
신세계조선호텔,1
삼거리 푸줏간,1
신촌돌구이,1
주식회사로씨니,1
JUMBO SEAFOOD PTE LT,1
미스사이공,1
경성양꼬치 중구 을지로3길 25-6,1
횡성한우프라자 횡성군 우천면,1
대영기업,1
엄마손칼국수,1
（주）플라토스호스피 서울 용산구 사평대로32길 9,1
여수횟집,1
메이드인시카고,1
한화,1
락궁,1
크리스피크림도넛,1
혜화양육관,1
대성골뱅이 중구 을지로1길,1
살롱드팩토리,1
신촌서서갈비 북창동점,1
정릉골오리,1
빅도어,1
숯불꼼장어서울 은평구 통일로 697,1
신포항막회,1
오키친푸드아트인스튜,1
강룡동화가든,1
폴바셋　교대역점,1
본가큰댁설렁탕．생고,1
춘천막국수,1
우정함박 중구 남대문로10길 30,1
선운산풍천장어,1
광화문양갈비 서울 중구 세종대로21길 48,1
놀자광대게,1
마켓키친,1
별천지설농탕 마포구 월드컵북로,1
장호왕곱창 중구 남대문로1길,1
맛기행,1
카페쉼,1
서울특별시립장애인생 행복플러스,1
fc외식 프레스센터프레스클,1
광화문도시락 카페,1
단풍나무,1
이조보쌈,1
교수마을초원복집,1
비스트로누,1
주식회사　좋구먼,1
히즈빈스,1
인사면옥,1
낙동강 청둥오리,1
베르린,1
카페마마스센터원지점,1
문학동네 까페꼼마,1
삼청수제비,1
광릉불고기,1
일픔가든,1
（주）바닷가작은부엌 서울 중구 덕수궁길 7,1
마포쭈꾸미,1
소라 서울 중구 다동 한수빌딩201,1
여수장어구이,1
청담,1
멜로디스,1
코리아세븐불광,1
떡보의하루,1
육전마당,1
명륜동,1
민소한우 서울 종로구 종로 22,1
웅남횟집,1
함평한우장터,1
우리설렁탕,1
토속골,1
동대도,1
청진육식토끼,1
kitchen,1
㈜조박원조조박집,1
코레아노스키친,1
정원돌솥밥,1
중구 다동,1
예나（Ｊｅｎａ）,1
합정서서갈비,1
투뿔등심 그랑서울점,1
일품（ ）가든 서울 중구 서소문로 109-10,1
피자헛 잠실본점,1
카츠미,1
서리헌,1
소고산,1
바오차이,1
뚜뿔등십 광화문,1
제주나라 영등포구 국회대로68길 23,1
은행골,1
관훈어담,1
돈까스 백반 종로구 경희궁1길,1
물품구매,1
RENKU,1
봉화송이식당,1
명동숯불갈비,1
원감자탕,1
분타이,1
매일복집,1
벤치앤라커,1
용수산 비원점,1
파리바게트서소문점,1
보리보리시골밥상,1
낙동강서울 중구 을지로1길 32-3,1
루소비앙코,1
성산동칼국수집,1
중구 다동길 30,1
선라이즈,1
비와별　닭갈비,1
（주）마포회관,1
빅마트일아슈퍼,1
명태가,1
초원,1
가마로강정,1
창고43 영등포구 국회대로70길15-1,1
가마솥순대,1
송가네,1
KT 115전보서비스,1
다이스시,1
㈜만적좀,1
평창한우마을,1
카페다니엘,1
동원청과 서울 노원구 동일로180길 48-9,1
버거킹무교점,1
속초수련원식당,1
마포강릉식칼국수,1
안동장터소고기국밥,1
브이４５,1
키친보리에,1
주식회사황금복국코리 서울 영등포구 국회대로70길 7,1
박보연간장게장삼겹살,1
크로와상,1
소고산제일루,1
（주）강오푸드,1
마이와이프 시크릿레시피,1
호텔한공관광교육재단 중구 청계천로40,1
엠엔피아이,1
씨유종로공평점,1
화양연화,1
에스프레소하우스,1
삼주외식산업㈜,1
알렙,1
엘비젼,1
인사동마늘보쌈,1
영훈약국,1
설가온 종로구 세종로 81-3,1
주식회사황금복국코리 영등포구 국회대로70길 7,1
감초식당,1
카나비에스티,1
창소43 시청점,1
델문도,1
STRADA,1
두부천지,1
신군산회집,1
가멧골옛날 손왕만두,1
포베인,1
은성집,1
남매집 중구 남대문로,1
#52로스터스랩,1
본도시락　본점 서울 종로구 청계천로 63-1,1
행복한마당구이 마포구 성미산로1길21,1
금송아지,1
용인우렁각시,1
신의주 부대찌개,1
나나,1
돈화문칼국수,1
반월당고로케무교점서울 중구 무교로 16,1
이태원숯불구이,1
보치킨,1
맛뜸,1
에프아이티시스템,1
유림분식 중구 서소문동 16,1
삼청백반집,1
SFC 디쉬룸,1
올리바가든 종로구 자하문로 16,1
주식회사중림장,1
카페아일랜드,1
사슴집,1
Queen’s Te,1
처갓집,1
소나무 아산시 충무로97번길,1
백두산,1
사계절떡국,1
광화문 국밥,1
양지말화로구이,1
한와담광화문점,1
미스터피자명동점,1
설화식당,1
흥부골,1
먹는세상,1
VINITUS BARCELONA ES,1
맛고마대구탕,1
솔향기맑은터 전남 나주시 남평읍 풍림죽림길 86,1
감촌,1
사장길커피,1
링크,1
박보연간장게장과 삽결살,1
마포만두 중구 남대문로9길 51,1
칸지고고 종로구 새문안로3길15,1
프레스센터프레스클럽（,1
꼬리달린빗자루,1
（주）차차,1
엔제리리너스,1
삼의헌,1
부추밭 중구 다동길 30,1
Hung_wan,1
Marini's on 57,1
후지스시,1
파파존스피자독립문점,1
돈궁 중구다동길24-3,1
아리노마마,1
왔다　산아나고구이,1
카페베네 무교점,1
한국피자헛　개포３호,1
우뜸,1
어미가 중구 서소문로,1
식객삼천,1
초정,1
못난이낙지해물탕 영등포구 국회대로28길,1
한화호텔앤드리조트（서울 서대문구 연세로 50),1
보성장,1
마농,1
아웃도어키친,1
가능골명가,1
흑돈가 명동점,1
롯데백화점 명동점,1
남산매점,1
동화가든짬뽕순두부,1
한양원 영등포구 여의대방로65길 6,1
ｄａ　Ｐｉｔｔａ,1
나주곰탕 나주전,1
풍류사랑 종로구 인사동8길 12-7,1
FORTNUM & MASON,1
우리가 참순대,1
싸바,1
마포만두 서울 영등포구 여의도동,1
마포만두 서울 중구 남대문로9길 51,1
서순금복요리전문점,1
신촌설렁탕함흥냉면,1
강릉엄지네꼬막집,1
하늘정원,1
고요남 홍대점,1
원흥루 서울 중구 다동길 46,1
스타수퍼,1
히까리,1
더에이스코리아유한회 서울 영등포구 경인로,1
수빈떡갈비,1
1인1잔,1
이노,1
더플레이스 중구 세종대로 136,1
서울뚝배기해장국,1
ㅡ청오디피케이,1
아비꼬 대학로점,1
영덕회식당（시청점),1
오리마당 서울 중구 세종대로 92,1
평남집,1
야끼반자이,1
서울신청신매점,1
돈벼락맛집,1
죠샌드위치,1
KUNJERA,1
갓텐스시명동점,1
단아,1
통영참숯장어구이,1
젤렌 이태원점,1
희망나래문화공간길,1
무화잠,1
태화청과,1
경성양꼬치 영등포구 국회대로74길20,1
고대구로병원,1
우도일식 중구 세종대로,1
대장금떡방,1
맛나,1
위캔카페,1
씨엘브,1
시청 5층 공용회의실 본도시락,1
하롱베이의　하루,1
（주）탑클라우드탑클,1
w카페역삼점 강남구 영동대로 502,1
블루훗시스장사랑타임스,1
진할매원조닭발,1
남강 중구 서소문동 120-18,1
위메프 용산구 한강대로,1
풍전옥,1
동경구락부,1
CHEONGDAM GARDEN MBL JAKARTA IDN,1
서울에서　첫번째로,1
일품가든 서울 중구 서소문로 109-10,1
두레에프엔씨주식회사,1
돈까스아찌,1
진주회관 중구 세종대로11길 26,1
피자알볼로 종로구 통일로 156,1
한화호텔앤드리조트 서울 중구 세종대로 124,1
"네이버, 성남시 분당구 대왕판교로",1
내꾸미쭈꾸미,1
용강　생고기,1
정미래유기농부페,1
태인양고기,1
춘산앤프앤비,1
MMTH,1
오목집,1
마린칸토,1
문화공간,1
ＣＧＶ　명동,1
동원VIP 참치,1
예향정,1
히노야마,1
학산,1
연평도,1
㈜사조참치 브이아이피,1
덕승,1
두대문집,1
명동삼계탕 중구 세종대로21길 55,1
서울송파경찰서복지회,1
치마오,1
탈북여성지원지에프에스,1
주-그레뱅코리아,1
이가감자탕,1
（주）아이닛시／공차서울 중구 을지로1길,1
ANCHOR BANKSIDE,1
일송정,1
파이페이스광화문점,1
섬마을,1
포베이무료점,1
노랑저고리,1
실비식당,1
원조함흥본관,1
제1596부대,1
대만야시장주식회사,1
남해굴국밥,1
논두렁찰보리밥 서울 중구 새문안로 30),1
한우리외식산업（주),1
돈까스백반삼겹살,1
황평집,1
광화문미진,1
니퍼카페,1
끼니와새참,1
한촌설렁탕　신천점,1
앤젤리너스,1
케이페프씨,1
주식회사 이태리총각,1
바푸리포　서울대입구,1
（주）한남북엇국,1
도로계획과,1
야마야푸즈서비스,1
밍고네 식탁,1
맛있는순두부＆김치,1
FULLERTON HOTEL - NCYD,1
유메이루,1
ＥＵＲＯＧＯＵＲＭＥ 중구 세종대로 136,1
농협하나로마트,1
개성면옥,1
황금룡,1
（주）태맥을지점 서울 중구 을지로3길,1
주식회사행복한구이,1
청진,1
바르미,1
엘리,1
（주）서울랜드　로즈 경기 과천시 광명로 181,1
대한불교조계종,1
더치앤빈　가산월드메,1
버커킹정동점,1
만족오향족발 외 3개점,1
돈다리,1
경복궁서교점,1
이수한우명가,1
평양막국수,1
김미경당진아구동태찜,1
마약냉면 영등포구 국회대로 70길 12,1
정동집 중구 정동길,1
아리솔,1
（주）월향 서울 마포구 와우산로29길 27,1
선창수산,1
느린마을양조장&펍,1
청국장과 보리밥,1
쿠팡㈜,1
투뿔등심　광화문 서울 중구 세종대로,1
도동집,1
스타벅스 적선점,1
한국문화재재단／덕수궁,1
비쥬,1
해송쌈밥,1
갯마을회집 서울 중구 충무로14길 6-12,1
두르가무교점,1
돈까스&우찌,1
서울 중구 남대문로9길,1
크리스피,1
SPAGO,1
계식당,1
CAFE MASON,1
MERCHANT,1
도담 은평구 통일로66길 12-1,1
서교가든,1
더후라이팬 시청점,1
맛나는순두부김치찜,1
김수사,1
옛촌맛고을,1
필동식,1
투썸플레이스서울시청점,1
비비큐참숯바베큐,1
여의도전 영등포구 여의도동 35,1
바닷가작인부엌,1
림벅와플-덕수궁점,1
정인면옥 영등포구 국회대로 76길10,1
봉피양 벽제설렁탕 세종시 도움8로91,1
마라,1
제일옥,1
더그린,1
마르셀／주식회사　마,1
채선당／성수점,1
속초동명항,1
주식회사플러스카페,1
홍콩반점,1
신설 복집,1
아리한정식,1
팔색삼겹살,1
따빠마드레,1
㈜벽제구이로,1
중앙보훈병원 장례식장,1
본점최대포1호점,1
함앤김,1
참복집 중구 세종대로 135-7,1
인사동두부마을,1
카페　옆　분식집,1
오복미역 중구 남대문로,1
공차（태평로점）,1
주식회사지오신/발우,1
하동관 중구 남대문로9길,1
실크로드,1
우리네보쌈,1
서울삼계탕 중구 남대문로 1길,1
만나 영등포구 국회대로74길,1
（주）셀란 예인,1
한화비앤비빈스앤베리즈,1
（주）감성타코홍대점,1
태화장,1
씨유종로교남점,1
ARISU REST COREANO,1
한라당,1
제주회집,1
대방싸리집,1
㈜정성과감동,1
스타벅스국회의사당점,1
본점이강순실비집,1
문어세상해천탕,1
영강,1
명숯불갈비,1
해남식당,1
（주）육대장　옛날전서울 중구 세종대로20길 23,1
"인터넷우체국쇼핑, 엠마우스일터",1
복이오서울시청,1
카페모아　서울여성플,1
순천황정농민회영농합,1
창동복국,1
제주본가 중구 을지로1가,1
핏제리아　꼬또　그랑종로구 청진동),1
동신참치 서소문점,1
더페이지,1
웰스,1
파리바게트북한산시티,1
서대문족발,1
속초해물탕,1
㈜춘삼에프앤비,1
에이치앤씨아이,1
㈜동원브이아,1
무교수호정,1
이수사,1
차이나플레인여의도점 영등포구 국회대로76길,1
살롱트팩토리,1
목감 휴게소,1
에스알에스ＫＦＣ서울,1
만원집,1
도화림,1
열빈 광화문,1
씨제이푸드빌 서울 종로구 새문안로 85,1
곤드레 중구 세종대로124,1
민속식당／유한회사 광주 동구 문화전당로 37-2,1
주식회사　알트윈／다,1
마루국시,1
조개랑 곱창,1
바다식당,1
올라 영등포구 여의도동 아일랜드파크,1
봉추찜닭 중구 태평로1가,1
요거프레소　앤　인천,1
（주）공차코리아,1
교동전선생 서울 중구 다동 155,1
순희네,1
주식회사가미에프엔아,1
스모어,1
유우,1
호호돈가스,1
백천선어마을,1
１１７파크 종로구 경희궁1길 16,1
레더라에쓰에프,1
고바우 중구 무교로 32,1
마이엑스와이프스시크릿)중구 세종대로 136),1
황가원,1
신세계본점,1
달１８８７,1
큰집식품,1
청오디피케이주）,1
봉추푸드,1
빌츠,1
밥보 영등포구 국회대로76길 16,1
북창동멸치국수,1
신라삼계탕,1
띤띤　에스에프씨,1
서우시청매점 옥토,1
향토칼국수,1
금란,1
서경민물장어,1
완도집,1
（주）덕승재,1
시청매점 아띠,1
세종문화회관 삼청각,1
서울시립장애인 생산품,1
전주가마솥곰탕,1
영강　시청점,1
해우리시청점,1
언덕,1
오설록 명동,1
강정이 기가막혀,1
㈜더루이,1
에스지디자인힐붓,1
한국피자헛 종로본점,1
하나미 롯데본점,1
소고산제일루 광화문점,1
번번,1
국대오리,1
더스카이팜　사,1
나주소　나주곰탕,1
북창동미도리야 서울 중구 남대문로1길 36,1
낙산가든,1
옹고집꽃게장,1
그리다협동조합,1
반갑다 하대포 중구 다동 12-6,1
고래와 새우 영등포구 국회대로 70길7,1
임병주 칼국수,1
명랑시대쌀핫도그,1
라그릴라아,1
소호정 영등포구 여의도동,1
전광수커피,1
대도캐터링,1
호텔신라 식당,1
라칼라스,1
브레짜,1
탐앤탐스 블랙,1
한울에프앤에스,1
부여방앗간,1
수참치,1
불고기마운틴,1
산수고원,1
아트카페아르떼,1
동해바다자연산,1
파이낸스센터 식당,1
BENUGO,1
우디,1
프라자호텔,1
성암산 해물탕,1
콩쥐POT지,1
황가네,1
나누다키친 시청점,1
（주）닥터로빈시청서울 중구 세종대로20길 23,1
（주）희전명가／희전,1
002 페럼타워점,1
에반스톤,1
찜쌈밥,1
보리밭수제비,1
별빛바다,1
콩나물국밥시루향기,1
해운마루 해운대구 달맞이길62번길,1
옴레스토랑 서울 종로구 새문안로,1
제주나라 영등포구 국회대로68기23,1
㈜더행복,1
다섯시,1
신한양식당 중구 봉래동 2가,1
㈜동원브이아이피,1
합스카치,1
대운양꼬치 서울 중구 남대문로1길 37,1
북경 서울 중구 세종대로20길,1
이즈미,1
큰손숯불갈비,1
（주)도레도레,1
강남면옥 정동점,1
금미덕（차이나요）,1
마마설렁탕,1
겐지,1
슈에뜨,1
할레을지점,1
비알코리아（주）,1
"중구 태평로1가 파이낸스 지하2층 203호, 이재우)",1
솜,1
하얌,1
뚜레쥬르 종로,1
세븐일레븐시립서북병원점,1
한미리 중구 청계천로 8,1
양선생,1
피자에땅　종로점,1
김삼보 영등포구 국회대로 780,1
원조집,1
워낭,1
광화문아띠-친니,1
조선화로구이,1
어촌수산,1
더베이크,1
참이맛감자탕,1
해초연 영등포구 국회대로76길10,1
지혜한정식,1
장통교파전,1
마징가식당,1
이도식당 서울 영등포구 국회대로68길 11,1
동호민물장어 중구 세종대로18길,1
신세계백화점,1
커피베이구파발역점,1
돈사돈,1
돌담길,1
피자에땅 종로점,1
팬차이나,1
옹팡집한우고깃집,1
（주）지에스리테일상,1
자연채샤브,1
디-얼루어,1
세상의 모든 아침,1
팡이와묵은지,1
부쳐스컷,1
연안전복,1
돈키호테의식탁,1
젤렌,1
풍미연 노원솥뚜껑,1
싱싱식당,1
팻누들,1
단풍나무집 삼청점,1
선천 종로구 인사동 14길5,1
밥보 영등포구 국회대로76길16,1
소육옥,1
행복충전소,1
효자베이커리,1
두레에프엔씨,1
황둔막국수,1
고담２,1
두아채전주콩나물국밥,1
（주）더루이（서울 중구 세종대로21길 40),1
불볶이튀김범벅,1
림벅 서울 중구 덕수궁길,1
풍천참숯민물장어,1
데제이케이키친박스,1
충무로고기집,1
참나무본가공덕점,1
CHEESECAKE,1
교동전선생 서소문점,1
씨니,1
할리스커피　신림고시서울 관악구 호암로 605,1
고향산천쌈밥,1
포누이,1
가메골만두,1
보가야참숯불갈비,1
서울특별시시우회,1
마이타이,1
스페뉴,1
마늘과올리브,1
왕가,1
오고또포차,1
장누렁소,1
동남집 영등포구 국회대로750,1
에이그레이트카페,1
구백식당,1
여자만북한산성점,1
아웃백스테이크,1
뜰,1
스시선생,1
주식회사　중림장,1
서촌회선생,1
Al Fanar Restaurant And CDXB AE,1
카페베네 영등포구 국제금융로10,1
이지샐러드（ｅｚｙｓ,1
Red House,1
포도나무 서울 종로구 사직로 108-1,1
호채 서초구 효령로,1
샤보텐,1
탐앤탐스블랙청계광장점,1
신강양꼬치,1
남도애꽃,1
영심이네오리불고기 은평구 진흥로15길,1
도림,1
동원vip,1
마이외이프시크릿레시피,1
Doboo Bonn DE,1
FC외식 프레스센 프레스쿨（중구 세종대로 124)),1
푸드엠파이어,1
원향원,1
（주）태평양일식,1
바다양푼이,1
칠성집,1
소관 상임위원회 위원 경조사비 지급,1
장수식당,1
할리스ＫＢＳ점 서울 영등포구 의사당대로 38,1
도미노피자 서대문정,1
당산골,1
대동식당,1
소년서커스단,1
강변나주곰탕,1
파리바게뜨외 1곳,1
챠이797,1
경복궁관훈점（서울 종로구 관훈동),1
지구마을 사회적협동조합,1
2 Thirsty 중구 다동길30,1
경복궁박광일참치,1
시울시청신매점,1
한라담 중구 무교로21,1
한량석쇠종로점,1
우도蚌,1
역다방 왕심리역사점,1
제스코푸드무교,1
목표세발낙지,1
대복9중구 세종대로 14길 22),1
허수아비돈까스 중구 정동길,1
전북집,1
메이트 인 시카고피자,1
가온　웰빙부페＆샤브,1
주식회사시드버거,1
㈜광화문진진바라,1
투썸플레이스 서소문점,1
가장맛있는족발 중계,1
까델루뽀,1
춘산 중구 태평로1가,1
주식회사　알트윈／다쯔미,1
딩호　양꼬치 중구 남대문로,1
２０４６팬스테이크,1
시장공관,1
위대한상사,1
오뗄두스,1
뒤웅박,1
논현보물섬,1
ASEELAH RESTAURANT,1
광화문도시락카페,1
케이알,1
케세이호,1
다이소아성산업,1
더플랙 MBC잠실점,1
153수산,1
카페예,1
소소한 풍경,1
왕삼겹찌개,1
스무디킹,1
원초밥,1
이조오리,1
"오양회참치, 서울 중구 세종대로",1
소담,1
프레지던트 호텔 식당,1
북촌마님,1
레드제이드,1
마루 여의도본점,1
싱카이 중구 세종대로 136,1
이학식당,1
서순금류복요리,1
온더보드 광화문점,1
길담서원,1
목포세발낙지 강서구 공항대로 649-7,1
RESTAURANT SEOULBBQ,1
Ｃａｆｅ　Ｕｒｂａｎ,1
대관령한우타운,1
궝명옥가마솥나주곰탕,1
옛날장터,1
송진평커피,1
야마토,1
회랑장어랑,1
조마루감자탕 서울 성북구 보문로 157,1
교동 전선생,1
계절밥상잠실점,1
┫觸릿 광화문점,1
투썸플레이스서울시청 중구 무교로 6,1
신목포수산㈜,1
이지인디아,1
할리스 kbs점,1
느티나무설렁탕,1
（주）광화문아띠／라,1
갈비명가이상답십리,1
통영생선구이,1
잘차려진밥상,1
셰프의 범선,1
원두막,1
스지다인힐붓,1
아베크엘,1
임진강한우마을 서울 종로구 종로9길 8,1
묵은지사랑,1
베스트피쉬 경기 부천시 원미구 부흥로 429,1
가츠몽,1
미시령넘어,1
베테카텐,1
만선 은평구 진흥로201,1
메구미／주식회사은혜,1
두루가 서울 중구 무교동,1
아노일식,1
（주）광화문아띠／설 서울 종로구 세종로,1
파리크라상샌드,1
참나무동산 종로구 북촌로3,1
피자알볼로 서대문,1
한라담 옛날 불고기,1
경기 성남시 분당구 삼평동,1
자갈치회시장,1
영덕막회 서울 중구 을지로3길,1
인생곱창,1
정우연 서울역점,1
명물닭갈비,1
（주)스타벅스커피코리아,1
금강장례식장,1
잇커맨드,1
88반점,1
한화호텔앤드리조트（중구 세종대로),1
월평,1
일마레,1
주식회사청진옥해장,1
내친구서울 기획회의,1
켄켄　시청점서울 중구 무교로 19,1
전주목,1
느티나무식당,1
（주）파리크라상샌드,1
캐나다 - 몬트리올 AVENUE DES CANADIENS DORVAL CA,1
소문난순대,1
명동칼국수샤브샤브,1
동명활어직판장,1
투썸청량리역,1
순천의료원,1
동평원,1
대한결핵협회 서울지부,1
롯데쇼핑롯데마,1
남강 서울 중구 세종대로11길 43,1
금수저,1
나은병원장례식장,1
뚜뿔등심광화문,1
서울시청구내식당 중구 세종대로110,1
다남궁,1
"파리크라상　쉐이크쉑 """,1
굽네치킨충무로점,1
민소한우 금융로점,1
수리야,1
다리원,1
（주）카페예 서울 구로구 구로동,1
우면당,1
서울 중구 남대문로9길 16,1
낙동강 중구 을지로1길 32-3,1
조가네,1
뿡갈로,1
SAMWON GARDEN Jakarta Selat IDN,1
더블유카페　종로관정,1
소양강매기매운탕,1
녹파랑,1
메가푸드상암점,1
주식회사　테이스터스,1
궁중순대국,1
김삼보 중구 남대문로1길51,1
붓처스컷 서울 중구 세종대로 136,1
"（주）무교원원대구탕, 서울 중구 세종대로",1
㈜김가네 이촌동면옥,1
양평추어탕,1
연희감자탕,1
침숫골,1
갈비명가이상　돈암본,1
포메인충무로역점,1
대게나라,1
신사뻘낙지,1
항아리왕족&보쌈,1
다화,1
서울시청까페 뜨락,1
엉클스파스타,1
설 연휴 노숙인 지원대책 추진 관련 업무협의),1
아하바 중구 정동,1
한국맥도날드（유）서,1
아이 서울 중구 다동길 22,1
바른등심,1
군산회집,1
（주）바닷가작은부엌서울 중구 덕수궁길 7,1
완산골 명가,1
롯데백화정,1
히말라야 어죽,1
한화호텔,1
동해물회,1
LA북창순두부,1
파리크라상여의도 영등포구 국회대로74길 12,1
서리반스트리트,1
프레스센터 프레스클럽,1
BBQ종로관철점,1
소공죽집,1
（주）커피빈코리아삼,1
마이스카이,1
스시웨이,1
동원참지 서울시청점,1
본죽＆비빔밥 중구 세종대로 80,1
청오디피케이㈜서대문점,1
과천순대국,1
새벽,1
화포식당여의도점,1
방이경복궁,1
동원vip 중구 세종대로22길,1
막내회집,1
이화수 전통 육개장,1
미스터회전초밥왕 성북구 동소문로20다길 3,1
브라더스인스프링힐 영등포구 은행로29,1
킴스패스 시청점,1
광화문고기집,1
민소한우 종로구 서린동 111-1,1
하늘빛우렁쌈밥,1
단풍나무삼청점,1
포베이 중구 무교동 45,1
순두부&김치찜,1
뚱보먹거리,1
가츠시,1
고기사랑,1
빈스앤베리즈 시청역점,1
삼백집종각점,1
㈜에버산업개발,1
더솔키친,1
야쿤코리아,1
카페 미셀,1
코리아세븐 무교점,1
너섬,1
일구칠구동태당,1
섬마을일식,1
사랑방카페,1
행복한베이커리와카페,1
대신기업,1
하누소 마포점,1
화로가,1
풍천민물장어추어직판,1
레드스모크 바비큐,1
왕대박동태전문점,1
국회회관 영등포구 의사당대로1,1
세븐스프링스 광화문점,1
먹벙해장국,1
봉평막국수,1
갈빗대,1
여의도신촌설렁탕 영등포구 국회대로62길 25,1
송정푸드탕,1
닭치고오리,1
굽네치킨 충무로점,1
장수곰탕,1
더착한커피 서울시청지점,1
소고산 제일루,1
포호이안,1
㈜디코레 북창동,1
（주）봉피양,1
서울시청매점서울 중구 서소문동,1
준 서울 중구 서소문로 133,1
크리스피크림,1
카페 순,1
텅앤그루브조인트,1
주식회사쌍다리돼지불,1
닥터로빈 중구 세종대로20길23,1
피자에당,1
백암왕순대 영등포구 국회대로 780,1
이마트24 청계천점,1
광주 휴게소,1
행복한 하루소바,1
답십리역 파리바게뜨,1
바닷가작은부엌덕수붕점,1
해동활어,1
"육미, 서울 중구 남대문로",1
엘림들께수제비,1
（주）난지캠프장,1
쥬스컴퍼니 국악당 카페,1
영심가마솥곰탕,1
성북동 면옥,1
여의도식당 영등포구 국회대로750,1
투썸플레이스광화문,1
잇건국대점,1
금바위감자탕,1
에프터워크３３,1
은파횟집,1
만선 서울 중구 다동길,1
（주）코리아세븐무교점,1
혼신마켓 중구 세종대로 136,1
MODAVIE,1
포베이페럼타워점,1
신촌식당,1
꽃누리,1
순천만 서울 성동구 난계로 35,1
서강８경율도,1
온누리상품권 외 2,1
한우장터,1
금국,1
리틀사이공,1
남도마루 영등포구 은행로,1
박순례손말이고기산정,1
＃５２로스터스랩（중구 서소문로11길 14),1
북한산장어명가,1
마약냉면　여의도２호 영등포구 국회대로70길 12,1
운채,1
퀀스타운,1
남산돈까스,1
자리（주）어린이대공원 광진구 능동로 216,1
독도참치앤전복,1
송황칼국수,1
두르가서울 중구 무교동,1
대원집 중구 을지로3길30-4,1
오순두부,1
카페플라워,1
차알 광화문,1
해피머니문화상품권,1
비비큐（무악점）,1
강촌민물매운탕,1
길들여지기 중구 정동,1
은평장례식장,1
차차광화문,1
미다래 중구 서소문로 133,1
맛있는 순두부＆김치찜,1
혼돈부리 서울 중구 을지로 지하 12,1
（주）롯데호텔,1
장군보쌈족발 중구 무교동,1
고구려참숯불구이전문점,1
네스프레소부티크롯데,1
경성양꼬치 서울시청,1
버드나무식당,1
유로구르메 중구 태평로 1가,1
광화문SFC디쉬룸,1
ＡＷ　컨벤션센터,1
웨스트코너,1
쿠벤　광화문,1
Ｂ．Ｈ．Ｃ,1
인하원송이식당,1
은행나무집,1
대나무통구이,1
제주밀면촌,1
프로젝트노아,1
속초수련원점,1
FIC,1
일품백송칼국수,1
그냥찌개집 서초구 반포대로28길 84,1
화수목숯불갈비,1
황토골,1
코코브레드,1
농업회사법인순창장류,1
자주빛노을（주）자하,1
수산시장,1
웰스토리,1
복이요,1
르브런쉭,1
가정식당,1
종로고기집,1
태아산업（주）,1
웨스트진베이커리,1
갓포후루야,1
신라원,1
광화문갈비 중구 세종대로,1
육전면사무소 서울 강서구 공항대로,1
장군떡집,1
강,1
레이브에스프레소바,1
서울역사명가의뜰,1
깐부치킨　북창동점 서울 중구 세종대로 78,1
황부자서울 중구 을지로1길 34,1
가족（가장　맛있는,1
더매기스,1
서울숲누룽지통닭구이,1
중문국수나라,1
양평휴게소,1
BAAN KHANITHA BY THE R BANGKOK THA,1
반갑다하대포서울 중구 을지로3길 26,1
니뽕내뽕 신천점,1
착한밥상,1
외할머니순두부,1
이상,1
이한스시,1
카페옆,1
（주）보림로지스틱스,1
우리바다수산,1
해금강 대구 동구 신암동,1
도토리군버섯양 동대문구 전농로 222,1
비즈앤벅스,1
브라세리 인 스페이스,1
소라서울 중구 다동,1
아름바빌리안,1
청와삼대 아산점,1
리앤권홀딩스,1
토영자갈치곰장어,1
피오리 꽃집,1
스시우찌,1
서래냉면,1
정원맛집,1
진짜무릎도가니탕,1
와가리피순대,1
마당놀이화로구이,1
노들,1
명인 칠기공예,1
옥당골솥뚜껑생삼겹살,1
핀,1
강릉동치미막국수,1
㈜참치공방,1
일카페에스프레소,1
권명옥나주곰탕,1
청어진동태찜,1
엉클조,1
흥부가 중구 서소문로,1
코마찌,1
（주）태성골뱅이 중구 을지로3길 35,1
컨벤션센터,1
모 슬캑,1
현대본가 서울 용산구 이태원로4길,1
가든닭갈비,1
라칸티나 중구 을지로,1
흥부보쌈,1
카페담,1
AID카페,1
파리크라상　쉐이크쉑,1
순창장류㈜,1
소하리어탕국수,1
수사광화문점,1
코리,1
망우찜쌈밥　본점,1
서소문청사식당,1
뚜뿔한우명가,1
강릉해변메밀막국수,1
미스터피자성수점,1
청오디피케이서,1
봉추푸드시스템,1
백제갈비,1
황해,1
삼청동우물집,1
뉴서울사진기설리반,1
디자인하우스,1
고봉식,1
아그라 에비뉴,1
김앤장（Ｋｉｍ＆Ｊａ 서울 중구 무교로 6,1
외숙,1
콩지낙지,1
ＧＳ２５횡계올리브점,1
민준이네,1
명가식품 외 2,1
드롭탐제주공항,1
한라담 옛날불고기 무교점,1
티몬,1
두막숨두부,1
남도추천,1
구）목동맛갈비,1
여일정 서울 영등포구 국제금융로6길 7,1
논현골최고야,1
광식이네아구찜,1
피셔맨키친,1
소우,1
한우마당 서울 중구 북창동,1
이화수 서울보라매점,1
로지스시,1
장터본가,1
식객촌태평로점,1
닭진미,1
스시야,1
마라탕,1
뼈큰감자탕,1
소리창고,1
수협유통 바다마트,1
동해일식 서울 중구 무교로 16,1
파란나무,1
미고백반돈까스,1
은하세탁소,1
엉클장스해물포차,1
서울특별시립장애인생산품시설,1
심포니오브차이나,1
더샌드위치,1
이북손만두,1
서울 종로구 종로11길 10,1
더루이광화문 중구 세종대로21길 40,1
만해,1
테라스２２２,1
만송골갈비탕,1
（주）빈스앤로스터리,1
다락 서울 중구 덕수궁길,1
（주）이랜드파크켄싱,1
부자되세요,1
바르다　김선생　서소,1
설악횟집,1
클래식＆모던레스토랑,1
가회동칼국수 당화동점,1
서순금류복요리전문점,1
서울특별시립 장애인생,1
（주）탐앤탐스　영등,1
양미한옥가든 구례군 산동면 당골길 110,1
차이30,1
하바나커피,1
마을북카페행복한이야,1
정원가든,1
명품묵은정손두부,1
피자알볼로　신당점,1
TALLER DE TAPAS-RAMBLA BARCELONA ESP,1
전주현대옥,1
ＧＳ２５충무로본점,1
엑스포여수맛집,1
장안정,1
（주）우가,1
윤가명가 서울 중구 남대문로 73,1
우리가참순대,1
분짜라붐,1
베리베스트스테이크（마포구 성미산로 198),1
라피아짜,1
한국문화재재단 돌담길,1
비．에이치．씨．,1
커피리브레,1
약수한방삼계탕,1
아날로그２０２１창동,1
목포집1호점,1
스미스가 좋아하는 한옥,1
가족천하,1
맥도날드서울시청점서울 중구 남대문로9길 51,1
맛있슨순두부&김치찜,1
다도회집,1
한양곰치국,1
임오네쭈구미,1
버즈（ＢＵＤＳ）앤,1
목동삿뽀로,1
박용석스시,1
소문난볼떼기집,1
청평매운탕,1
복운각,1
싱카이 중구 세종대로136,1
볶음어때,1
다동골벵이치킨,1
풍연옥,1
티엠지홀딩스 르타오,1
마이보스이즈왓칭,1
만다린,1
서울첫번째집,1
피자헛 종로본점,1
이북만두 중구 무교로 17-13,1
손수김밥,1
살랑살랑샤브샤브,1
아바 중구무고료 17-27,1
CJ푸드빌㈜더플,1
누들스테이션,1
서울랜드로즈,1
우리은행 서울 중구 무교로 21,1
만족,1
마들　대구랑　복어랑,1
제주집,1
바디프랜드,1
이꾸,1
＃５２로스터스랩（＃ 서울 중구 서소문로11길 14,1
다만프레르,1
티 월드카페,1
광화문오향족발,1
광화문양갈비 중구 세종대로21길 48,1
스시트로／상진공영주,1
ROSSO BIANCO,1
（주）도마　（서울 중구 중림로 31),1
서래마을,1
ＧＳ샵 영등포구 선유로,1
설리반 스트리트 중구 을지로 지하 12,1
거성,1
박사아구,1
이실이네대게수산,1
씨에스타,1
무봉리순대국장한평점,1
１５３꼬끼오왕닭갈비,1
복성장,1
（주）이알에프앤비,1
아일랜드（종로구 사직로8길),1
서울로 가게,1
초혜,1
각시보쌈,1
이운정가든,1
클레어,1
들꽃,1
우리떡집,1
고창장어,1
다래국수 서울 종로구 자하문로1길 12,1
비어할레을지점,1
（주）스타벅스커피코서울 중구 소공로 112,1
드롭탑서소문점,1
비채나,1
선우은숙의 키친,1
홍박사생고기,1
하루연가,1
광화문아띠-바심,1
완산정,1
경주식당,1
조가비 서울 중구 명동9길,1
롯데쇼핑 서울 중구 소공동,1
김상보,1
천하복집,1
익선동그집,1
미스터피자 청계광장,1
현대칼국수 중구 태평로2가 69-3,1
설가운,1
파랑가ｂｙ콩두,1
커피식스　쥬스식스,1
마복림할머니집,1
돼지마을,1
파리 바게트,1
전광수커피하우스대학,1
진기와코리아／주식회,1
사누키아,1
피와이앤파트너,1
아마시빈 종로점,1
（주）이도감철판＆부,1
타워그안,1
홍돈불삼겹,1
서울첫번째전통찾집,1
성수감자국전문식당,1
민소한우 영등포구 여의대방로67길 21,1
㈜바닷가작은부엌덕수궁점 중구 덕수궁길 7,1
한국민예사,1
금데기식당,1
팬다,1
대도식당／（주）키친,1
권영옥가마솥나주곰탕,1
신라스테이,1
명갈비,1
케이디자인커피숍,1
동물보호과 직원 경조사비 지급,1
돈사무소,1
쿠쿠,1
육대장 중구 세종대로20길 23,1
쿠마쿠시,1
열빈（광화문점,1
본스시,1
원조녹두밭,1
벽오동,1
곰바위,1
탐앤탐스블랙,1
만화경,1
현대화원,1
은주식당 영등포구 국회대로 750,1
마장황소곱창,1
위원장,1
계동치킨,1
다인홀 서울 중구 남대문로5길,1
애월식당,1
더테이블한정식 서울 중구 세종대로,1
The Balcon,1
구팡돌할매보쌈 중구 세덕수궁길,1
장군보쌈 중구 무교로 16,1
그리츠,1
마실면가,1
더블여,1
（주）문학동네꼼마앤,1
센 서울 중구 다동길 24,1
파리크라상키친,1
안동장,1
２ Ｔｈｉｒｓｔｙ,1
＃５２로스터스랩,1
바다풍경,1
어사랑밥상,1
다솔외식,1
청아홀딩스,1
한라담 중구 무교로 21,1
정부세종청사４동기획,1
엘레알라까뜨린,1
주)강가,1
（주）웰스프레쉬,1
더플레이스sfc점,1
도미노피자 서소문점,1
명태어장,1
쌍둥이네고기집,1
투뿔등심　그랑서울점 서울 종로구 종로 33,1
사이,1
EUROGOURME,1
엔젤위치스,1
카페그레벵（중구 을지로),1
천상 서소문점,1
양촌길,1
㈜마이크임팩트엠스,1
스트릿　연세세브란스,1
털보네먹거리,1
소문난대구왕뽈찜,1
JENSENS BOFHUS,1
（주）진성종합관리 서울 마포구 양화로 156,1
엠즈푸드,1
헬라스,1
한우타운숯불구이,1
신간고,1
송원 스끼야끼샤브샤브,1
양미림,1
JS & JY Food,1
파피루스 시청,1
섬이다,1
셀란 예인,1
카페오가닉,1
낙지한마리수제비 영등포구 여의도동,1
동광청과㈜,1
그릴 아지사이,1
할매집,1
시그니쳐이키이키 중구 청계천로,1
원조골뱅이 서울 중구 명동9길 37-3,1
부에노스아이레스,1
돈우가,1
수협유통바다마트,1
영심이네 오리불고기,1
참맛순대국 중구 을지로1길 34,1
한라담 제주돼지,1
Da Dante Bonn DE,1
BELLAGIO - BUFFET LAS VEGAS NV,1
에쁠라또,1
곰국시집-서울 중구 무교로,1
청해진동태찜,1
반룡산,1
우도일식 중구 태평로1가,1
용호동낙지 북창점,1
춘천고을,1
시래꽃,1
참복집 중구 세종대로14길 28-6,1
투썸서소문 중구 서소문,1
경기옥설렁탕,1
바나나프라이,1
박석고개,1
신숙,1
남다른 감자탕 대방,1
애프터워크,1
내츄럴소울키친,1
나른한 순간,1
스시트로／상진공영,1
24절기 광화문점,1
신설설농탕,1
서초버드나무집,1
그랑,1
대운양꼬치 （중구 남대문로 1길）,1
춘산에프앤비파이낸스점,1
카페페드로끼,1
씨유시청광장점,1
더테이블한정신,1
메가푸드앤서비스㈜메가푸드상암점,1
1981 볼드썬,1
가메골,1
카덴,1
89번가,1
명동칼국수 중구 을지로1가 56,1
타다,1
열빈（광화문점） 중구 세종대로21길 22,1
생선전문점명가,1
광나루남원추어탕,1
본도식락,1
도원,1
마스리꼬,1
남해바다 서울 마포구 토정로37길,1
새봄서대문점,1
아트박스,1
도센,1
코아핀,1
"꽃,밥에피다",1
돌배기집,1
（주）김돈이,1
우스시게,1
잘빠진메밀,1
오래된음악,1
명륜손칼국수,1
알뜰골뱅이 중구 을지로3길 25-6,1
미스핏츠,1
싼타페더테이블,1
프랑스포차드꼼뜨,1
해장국사람들,1
쥬스컴퍼니,1
금산생태탕,1
버드나무식당 영등포구 국회대로 70길7,1
스토우폭스,1
송초생태집,1
꽃지삼성,1
미스터피자목동점,1
더샌드위치샵,1
우렁이랑쌈사랑애,1
고래볼,1
서울역그릴,1
엘에이 북창동,1
경복궁박광일스시카페,1
봄날의지호,1
㈜태그린샤이바나 중구 세종대로,1
국회의원회관 식당 영등포구 의사당대로1,1
서원손칼국수,1
디코레북창동,1
신의주참쌀순대,1
워트러스트커피,1
장독대,1
CHAI797청계천점,1
어진이네음식점,1
우도일식 중구 태평로,1
가마솥손두부,1
아일랜드,1
김치실록,1
명동삼계탕 중구 세종대로21길55,1
장원족발,1
로데오양꼬치,1
사계절　떡국국수,1
하늘공원뷔페,1
모리와보울,1
나나일식,1
행복플러스 신청사 중구 세종대로 110,1
용형순대국,1
주식회사　콩두에프앤씨,1
디얼루이,1
모자식당,1
평남횟집,1
불고기 브라더스,1
BHC종로 관철점,1
쿠드커피,1
모임터칼국수,1
카페자스（여의도점）,1
㈜한미리,1
최대포1호점,1
소라 서울 중구 다동 50,1
이마트청계천점,1
고려정,1
비엣콴,1
오라관광 영등포구 의사당대로 16,1
롯데쇼핑㈜ 중구 소공동 1번지,1
불볶기와 튀김범벅,1
던킨,1
여수바다장어 중구 을지로3길 21,1
행복플로스,1
기린 서울 중구 무교로,1
이화원,1
부원식당,1
촌놈,1
맘보집,1
춘향고을,1
보나베티정동점,1
카발,1
대관령 한우촌,1
나주곰,1
북창동　꼬치뱅이 서울 중구 남대문로1길 36,1
누리 도시락,1
예성푸드써비스,1
스윗스퀘어,1
돈수백 다동점,1
원조감자탕닭갈비,1
녹원갈비,1
고냉지 서울 중구 무교로 14,1
정선,1
하하,1
우성갈비,1
동원참치서소문점,1
노다지,1
애슐리종각점,1
（주）히코코　노량진,1
심가면목,1
맛있는 순두부김치찜,1
콴쒸이 광화문점,1
리에즈블룸,1
알파문구시청점,1
춘천집닭갈비,1
본죽 서소문점,1
동신참치 중구 서소문동 57-10,1
맑은바닷가의나루터,1
서울역롯데마트,1
엘플라토,1
털보고된이,1
리원,1
친니 （종로구 세종로),1
스쿨푸드　영풍문고,1
행복플러스가게,1
테이블,1
투뿔등신,1
성당옆한스돈가스,1
돌아가는 삼각지,1
양푼이동태탕,1
하나식당,1
크을농,1
엘쁠라또 중구 세종대로 136,1
쭈꾸미킹2.0,1
고러졍,1
죽이야기-서울 중구 남대문로9길,1
밀레니엄횟집,1
또순이네,1
전통한식동해 마포구 토정로 128,1
보리보리옥선이시골밥상,1
엉터리수산,1
백년화로,1
홍콩반점 여의도점,1
동호민물장어 서울 중구 세종대로18길,1
엘본더테이블,1
오군순두부 중구 세종대로16길 23,1
그릴파이브 중구 세종대로 136,1
티원,1
로소비앙코,1
예환 중구 세종대로21길,1
광동수산,1
투썸플레이스인천공항,1
에스디자인힐붓,1
주식회사　해담채시청,1
가보자,1
소소한　풍경,1
땅코참숯구이,1
화우명가,1
벤허,1
죽향,1
세종문화회과,1
오복미역서울 중구 남대문로9길 40,1
돈해진미 영등포구 국회대로780,1
남산골한우곰탕,1
곱창고,1
하동관 영동포구 은행로3,1
해돋이,1
여자만 별관,1
명가쌈밥,1
참토우,1
호수집,1
마리웨일,1
바다일번지　회동,1
산중에,1
영풍문고,1
버거준,1
동원참치브이아이피 중구 남대문로10길,1
복창동순두부　서울시,1
대복 종로구 세종대로14길),1
치보빌,1
오아시스,1
띵크커피,1
이태원천상여의도점,1
예전명가,1
까사펠리채,1
최고집,1
광명식당,1
몽구네삼겹살,1
광장동가온,1
반도회관,1
김연자굴국밥 )중구 서소문동 120-23),1
플리트비체,1
더 한우,1
구내식당 간담회장2,1
br코리아,1
FIRSTFLOOR,1
NIKO NIKO,1
주식회사 해우리무교점,1
명동칼국수 서초구 방배2동 450-14,1
우바（ＵＶＡ）,1
임자구포국수,1
솔모랑깡장집 서울 중구 을지로1가,1
PARADISO SRL VENEZIA,1
장안점,1
봉피양벽제설렁탕,1
효자동초밥,1
영자포차,1
박하정동태찜,1
신의주 정돔점,1
창신한우　정육식당,1
이태리식당,1
대양참치,1
뚜레쥬르국회의사당 서울 영등포구 의사당대로,1
진육식당,1
제이. 에스,1
CRATE BREWERY,1
시루향기 구의점,1
시골보쌈＆감자옹심이,1
코레일유통（주）남부,1
콩고을,1
세븐스피링스,1
김둘레순대국,1
담소사골순대 북창점,1
왕릉골김치찌개,1
맨인문 서대문구 서소문로,1
맥도날드시청점,1
제주흑돈 중구 청계천로8 프리미어플레이스,1
맷돌로만,1
스타벅스 서울 중구 무교로 21,1
서촌친구네,1
돼지저금통,1
맘초이센터점,1
미가한식 중구 남대문로9길 40,1
중국성 중구 서소문로,1
키다리 식품㈜정안휴게소,1
청수가,1
창고43 시청점 중구 서소문로 120,1
정정당당 양촌,1
참복집 서울 중구 세종대로 135-7,1
고요남종로점,1
뚝섬식당,1
왕비집 중구무교로,1
사천이모집 종로구 인사동),1
재단법인　세종문화회,1
가온웰빙뷔페,1
이요이요스시,1
붓처스컵,1
브라세리인스페이,1
팔팔해물탕,1
양 가,1
강변식당,1
대원가,1
풍금,1
무교 원대구탕,1
비진도　해물뚝배기,1
카페문화 카페오시정,1
흑산도,1
진솔,1
참큰집,1
비즈카페갤러리,1
양양순두부,1
제주항,1
영서네국밥,1
낙지한마리수제비,1
ＳＫ네트웍스（주）워,1
라그릴라아 광화문점 종로구 청계천로 11,1
롯데시네마 중구 남대문로73,1
바다마트,1
RESTAURANT PLACHUTTA WIEN AT,1
카페두다트　서여의도,1
풍천가,1
더엘가서울 관악구 호암로26길,1
모히또,1
스시정,1
코다리&동태,1
퀸스타운,1
곳간,1
커피만,1
독토 영등포구 여의도동 14-2,1
드림스토리,1
현대시티아울렛,1
모래내곱창,1
커피랑도서관,1
에이쓰리아카이브 서울 중구 을지로 281,1
종가집설렁탕,1
스패뉴시청지점,1
갈리나데이지 종로구 자하문로13길 1-4,1
스노우폭스광화문Ｓ,1
커피빈코리,1
서울미술관,1
권명옥가나솥나주곰탕,1
동해회,1
에이쓰리아카이브,1
빌즈 종로구 종로3길17,1
니뽕내뽕,1
극동열쇠,1
금성나주곰탕 종로구 종로1,1
명가의뜰,1
쿠우쿠우,1
동아골뱅이,1
별동부대,1
알베로,1
㈜플라토스호스피 엘쁠라또 광화문,1
장군보쌈 족발,1
휘경할매순대국,1
지우,1
베키아누보,1
시골이모순두부,1
펌킨（Ｐｕｍｐｋｉｎ),1
채선당플러스,1
카페　그레벵（Ｃａｆ 서울 중구 을지로 23,1
미도푸드,1
월화고기 보라매점,1
정돈까스,1
체인플라워,1
홍어가막걸리를만났을,1
도원브이아이피참치,1
우리집순두부 중구 을지로3길22,1
진남회집,1
㈜케이에스비케이,1
광화문 우체국 세종 도움5로 19,1
곰달래감자탕,1
만행초밥,1
수협유통바다 마트,1
원대구탕 종로구 천계천로 17,1
풍천민물장어추어탕,1
육회공작소,1
봉평메밀촌,1
（주）에스지다인힐 중구 세종대로 136,1
전주민속촌,1
하나로마트,1
남도제F음식점,1
스시도쿠,1
R.ENA 이탈리안 레스토랑,1
띤띤 중구 세종대로 136,1
소양강매운탕,1
씨제이올리브,1
곰식당,1
㈜늘솔,1
오후청 중구 남대문로1길26-10,1
（주）서울랜드,1
CGV피카다리1958,1
쉐프강의맛있는짜장,1
함평한우（수서）,1
죽해수산,1
삼대　나주곰탕,1
시루국밥,1
리나스,1
목포세발낙지 서울 강서구 공항대로 649-7,1
버즈앤벅스,1
웰리브,1
전주집 서울 영등포구 국회대로 750,1
㈜코리아세븐무교,1
홍대개미,1
카페호두Ｒ,1
방일해장국 정동점,1
㈜육대장,1
서을시청매점,1
핏제리아꼬또,1
델리,1
테라스,1
중앙일보신용협동조합,1
포쿡광화문Ｄ타워점,1
영풍문고 종각종로본점,1
레더라 에쓰에프씨점,1
한화담,1
민소한우 서울 중구 을지로,1
고려식당,1
ASIA REPUBLIC DUBAI AE,1
정태네실비집,1
프레스센터프레스쿨,1
원대구탕 종로구 청계천로17,1
담아루,1
치킨６７８,1
미락식당 중구 서소문로,1
웰스팜,1
투썸서소문점,1
고베그릴,1
본도시락 시립대점,1
귀품찬국과해장국,1
어촌계부녀회조합,1
더테이블한정식 중구 세종대로,1
소도,1
（주）에프아이씨,1
가메골 옛날 손왕만두,1
동원참치브이아이피（ 서울 중구 남대문로10길,1
엘뿔라또 광화문점,1
티차이차,1
서울랜드,1
은평감자국,1
선동보리밥,1
남도한식고은님,1
꼬대장코다리네,1
맛대맛감자탕,1
커피콩콩,1
（주）프로젝트노아 서울 중구 세종대로16길 23,1
삼우정-서울 중구 서소문로,1
청종나주곰탕,1
일마지오명동,1
파스쿠찌 중구 세종대로22길 12,1
스몰하우스빅도어비스 서울 중구 남대문로,1
㈜ 바닷가작은부엌,1
농민 백암순대,1
제일제면소 광화문점,1
RESTAURANTE PEREIRA LISBOA PT,1
토담,1
슈라이아라키,1
주식회사　유성집,1
뉴신일,1
선해수산,1
제주도야지판　세종점,1
왕비집시청점-서울 중구 무교로,1
Loewy Bistro,1
뚱보냉면,1
바닷가에서,1
명동칼국수 종로구을지로1가,1
트리안,1
EL CERCLE,1
㈜블랭크,1
씨엔엔카페,1
플라이앤컴퍼니,1
바이킹소울,1
파리바게뜨　종로시그,1
㈜디코레북창동,1
신호북창동점서울 중구 세종대로18길 16-7,1
명동경성숯불구이,1
황소막창 중구 다동길 21,1
무등기사식당,1
해담,1
스타벅스 명동점,1
구팡돌 할매보쌈 （중구 덕수궁길 7),1
진미설렁탕,1
맥쓰（ＭＥＸＸ）상암,1
STARBUCKS무교동점,1
제이에스푸드,1
참배나무골여의도점 영등포구 국회대로62길 25,1
장충동할머니,1
에프아이티시스,1
광화문　국밥／（서울 중구 세종대로21길 53）,1
빈앤베리즈,1
HILTON GARDEN INN ULYANOVSK RU,1
나무과벽돌,1
제주나라 서울 영등포구 국회대로68길 23,1
유달식당,1
소금구이,1
소풍골뱅이,1
황소식당,1
함덕어촌계,1
㈜쿱스토어,1
양지설렁탕　상암점,1
（주）케이에스 비케이,1
고기나라,1
（주）갈비세상,1
역덕회식당,1
더한스아리아,1
빵집（ｚｉｐ）,1
일품가든 중구 서소문로,1
기장산곰장어포차,1
참숯불구이집,1
호경전,1
기와탭룸,1
산토스,1
㈜두리삼 산채향,1
（주）오발탄에프에스,1
커피터치,1
월향 마포구 와우산로 29길27,1
향림,1
무명식당,1
세종문화회관　세종홀,1
서울아산병원,1
후루룩　냠냠,1
지유가오카브레드,1
다동마트,1
초마 마포구 와우산로17길,1
제이．에스．텍사스바 서울 중구 무교로,1
다누리,1
삼우성,1
빚은 시청점,1
올리브,1
덕순네장어랑메기랑,1
탭퍼블릭,1
애드리안윤,1
봉찬국수,1
아우랑횟집,1
에코그린,1
야구장휴게점,1
성터갈비,1
파리바게뜨시청역점,1
도미노피자이,1
남도미락,1
카페7,1
주식회사 한우,1
동대문엽기떡볶이,1
태천옥,1
까페그레뱅 중구 을지로 23,1
성북슬로비,1
투썸한양대학생복지관,1
하동관 영등포구 은행로,1
그린팜마트,1
더키친,1
박씨화로숯불구이,1
이피쿱 마포구 잔다리로 106,1
도미노피자（목동점）,1
서울곰탕,1
하남돼지집 시청역점,1
루싱,1
공주칼국수,1
황생칼국수,1
서울삼계탕 중구 남대문로1길,1
영동족발２,1
낙영찜갈비,1
본죽비빔밥 시청점,1
여수회관,1
본죽앤비빔밥　광화문,1
대평갈비,1
이화수육개장서울 중구 다동길 16,1
파스쿠치,1
셰프런 앤 로스팅,1
대가볼태기,1
스시도,1
명동맘커피（ＭＯＭ,1
파네트크로와상,1
SESSIONSATTHEPRESIDIO,1
미선,1
청진동해장국,1
비와별 닭갈비,1
닥터로민,1
폴리스,1
파크켄싱턴,1
뜨는우리집,1
사조참지,1
무궁화푸드,1
해초연 영동포구 국회대로 76길 10,1
옥천골,1
무교원대구탕 중구 세종대로11길 42,1
폴바셋신문로점,1
이야기를담은라멘,1
㈜촌장골 당하점,1
시카프,1
크레이지후라이그랑,1
들향기가,1
스시웨이　광화문점,1
청담무샤,1
한라담옛날불고기,1
연주식당,1
젤,1
제주혹돼지　소금구이,1
더베이크 센터마트점,1
얼쁠라또,1
차이킹,1
죠커피-인터넷,1
띤띤　에스에프씨（중구 세종대로),1
알리아미치,1
산토리니,1
동원기사식당,1
퀸즈테라스,1
소들녘서초점,1
더테이블한정석,1
주）초류향,1
알앤비스마트팩토리,1
남도한정식,1
스몰하우스 빅도아,1
일화성,1
나모,1
탐앤탐스 서소문점,1
무삼면옥,1
종가김치찌게,1
삼우정 서울 중구 서소문로 134-12,1
진복,1
해담채아이,1
수애뇨 ３３９,1
수라수,1
메드포갈릭 광화문,1
（주）바이오비즈이,1
한양삼계탕 영등포구 국회대로70길18,1
참대구탕,1
옥이네밥상,1
빽다방 을지구입구역점,1
미야미야마,1
오장함흥집,1
리선,1
촌촌해녀촌,1
본아이에프,1
부처스컷 광화문,1
베이커리오월의종,1
순천웰빙식당,1
서촌시우식당,1
카페문화　카페,1
신씨화로 （중구 서소문로11길),1
묵호회집서울 중구 명동9길 43,1
버거킹　구로구청점,1
㈜푸드트리,1
씨유페럼타워점,1
나무,1
씨네마,1
강순자옛맛김지찌개,1
육대장 보라매점,1
Ｔｈｅ완벽한김밥,1
세창대구식당,1
차이79,1
종로김밥,1
타르타르신촌점,1
한우미락,1
백암,1
고려 보쌈 중구 세종대로20길,1
콩예원,1
황금도야지 종로구 당주동,1
강릉동화가든 을지로점,1
봉피양,1
낙지촌,1
한국문화진흥원,1
황소집,1
서가네옛날민속집２호,1
석이테이블,1
카페 그래벵,1
남도진미,1
（주）바른식탁,1
"유림분식집, 서울 중구 서소문로",1
우미각,1
아트몬스터　익선동점,1
봉피양　삼청동,1
"청송옥, 서울 중구 서소문로",1
카페테리아　스테이션,1
넘버포（ＮＵＭＢＥＲ,1
선운산장,1
㈜대게항,1
본수원갈비,1
선일통산주식회사,1
목노,1
옹고집쌈밥,1
틴타이펑,1
명선헌,1
동기간,1
제너시스비비큐 종로구 청계천로,1
한가람 중구 을지로1가,1
ＫＩＣＣ／세외수입（서울 중구 세종대로 39),1
마장휴게소 이천시 마장면 중부고속도로 82,1
파육장MBC점,1
목원의서촌가락,1
더플레이스 광화문,1
도봉산양고기,1
온누리상품권 외 1,1
광화문국밥 중구 세종대로21길53,1
마루 서울 강남구 도산대로90길 17,1
（주)효창에프씨,1
마구로센,1
두나미스커피,1
키친에포닌,1
마포숯불갈비,1
피자헛 동작구 여의대방로 286,1
광화문아띠설가온,1
야래향 은평구 통일로,1
비금도,1
바스버거 서울 중구 무교로,1
데쏘 필동점,1
사대부집곳간,1
정동국밥 중구 세종대로,1
호면정 종로구 청계천로,1
신소녀낙지세상,1
이연에프엔씨지,1
동해도 영등포구 은행로 25,1
DELICES USA YULCAN,1
연화산,1
스패뉴시청점,1
다해식당,1
투뿔등심　그랑서울점,1
오스테리아랑게,1
비어할레 을지점,1
동해도 광화문,1
호텔마띠유점,1
씨네큐브 종로구 신문로1가,1
지마켓,1
영덕회식당 중구 무교동),1
수협협동 바다마트,1
캘리포니아키친앤크래프트,1
바다양푼이동태당,1
진관사,1
충무갈비,1
서초갈비,1
고기복,1
나폴레옹과자점,1
양지식당,1
웰빙칼국수,1
제주왕삼육,1
크리스피크림　소공점*서울 중구 소공동),1
구이구이 중구 을지로1가 6,1
갯마을낙지 중구 을지로1길 32,1
투썸플레이스 서울시청 중구 무교로 6,1
시골여행,1
계절밥상　서울역사점,1
대장금식당,1
까페탱크식스,1
장독대김치찌개 영등포구 의사당대로 38,1
Restaurant Ratskeller Muenchen DEU,1
추장군,1
쌍둥이네매운탕,1
산속의바다,1
하단,1
（주)중앙삼이,1
뜰애우　곱창　타운,1
카페 이드라 종로구 율곡로,1
지수마트,1
세종마을치킨,1
진도울돌목,1
천안의료원 상례원,1
제이에스텍사스바,1
온라인구매,1
㈜미스터피자 명,1
우면산버드나무집,1
에이투지카페,1
청도농협하나로마트,1
흑돈대가,1
매운양푼갈비찜,1
시마스시,1
고사부,1
（주)미스터피자,1
비사벌회관,1
명성각,1
스타벅스 무교동점,1
투썸플라이스 서소문,1
롯데마트　삼양점　롯,1
88전골,1
빚은　광화문점,1
보림로지스틱스,1
이디야　서소문점,1
육대장 서여의도점 영등포구 국회대로72길,1
권수산,1
"어미가, 서울 중구 서소문로",1
홍농대박고기타운,1
카페리빈,1
일오닭갈비,1
봉평메밀마당,1
노들견우,1
배재반점 중구 서소문로103,1
할리스ＫＢＳ점,1
５５번지　라면,1
여의도식당 영등포구 국회대로 750,1
한라의 집,1
메가푸드,1
돈까스 백반 삼겹살,1
황산냉면,1
㈜ 어반가든 중구 정동길 12-15,1
BRASSERIE 9,1
제이제이홈,1
일일향,1
어오내닭볶이탕　서울,1
빛나는바다,1
해산물스토리,1
이디야　삼각산점,1
누나홀닭,1
배나무골오리탕,1
원양,1
그래뱅코리아,1
두르가 중구 무교동 45,1
（주）커피빈코리아／ 서울 중구 무교로,1
하늘정자,1
강가 중구 세종대로136,1
참맛순댓국,1
여천식당,1
마당쇠,1
센트럴에프앤비유한회사,1
오목집 목동점,1
（주）공영식품기소야,1
시미즈,1
탁터로빈,1
순남시래기 영등포구 국회대로 780,1
벽제갈비,1
탐앤탐스 kbs별관,1
태양식당,1
커피팩토리,1
품앗이,1
한가람 서울 중구 을지로,1
너섬가 영등포구 국회대로74길 12,1
라칸티나 중구 을지로19,1
돈티호테의식탁,1
후츠오카 모츠나베,1
풍무양꼬치,1
명성식당,1
리즈너블한식당,1
한미유통,1
망향비빔국수,1
오군순도부,1
소공동 뚝배기집,1
CUCINA TORCICODA FIRENZE FIIT,1
원조하루밥상주식회사,1
온누리장작구이,1
（주）터하집,1
마포본가본관,1
보나베띠 영등포구 은행로 30,1
이수족발,1
첫번째라면　상암점,1
대가일실,1
JANG SU JANG SANTA CLARA CA,1
커먼５　커피（서울 종로구 필운대로 32),1
（주）뚜리삼 중구 무교동,1
TANRUSS DSM TZ,1
하나유끼,1
부부불이동대문닭한마,1
디타워,1
이나니와요스케 시청정,1
창덕궁,1
점보,1
라 칸티나,1
도토미,1
진산호텔앤리조트（주,1
차이나상암점,1
（주）캘리스코　사보,1
총각수산,1
봉추찜닭 영등포구 의사당대로 38,1
청송옥 중구 서소문동 52-1,1
강중범 초밥집,1
국회의원회관식당 영등포구 의사당대로1,1
롤링핀북촌점,1
뉴욕막걸리,1
㈜밥보,1
MBS RISE LOUNGE,1
용쓰,1
㈜프로간장게장,1
재미식당,1
시마스시／주식회사,1
홍고집찜칼국수,1
보건불고기쎈타,1
숲속갈치마을,1
스즈란테이,1
（주）뚜리삼 서울 중구 청계천로 8,1
서울로얄호텔,1
온누리상품권,1
이노시시,1
원산생태,1
더플레이스 서울스퀘어,1
황태회관면세점,1
로봇김밥을지로입구점,1
제주미향,1
교동짬뽕,1
（주）밥보,1
윤가네의정부부대찌게,1
위캔카페 서울 영등포구 의사당대로,1
신동궁감자탕,1
프라자호텔 비즈니스센터,1
맨인문,1
닥토로빈,1
취영루,1
HITE MOSKVA,1
일송,1
센트럴 키친,1
플랜비,1
콩커피,1
로브스타,1
명동교자 중구 명동10길 29,1
세렌디피티,1
아웃백,1
양식당더램키친,1
지구마을사회적협동조합카페,1
서울시립장애인생협,1
카페옆분식집,1
바닷가작은부엌 중구 덕수궁길 7,1
코다차야,1
도토리풀빵,1
화포식당시청점 중구 남대문로1길 16,1
취홍,1
백제고깃간,1
호면당,1
알라또레,1
고희,1
㈜ 동원브이아이피,1
곰소뜸디디,1
동원VIP,1
오계절맛집,1
혜명분식,1
동해식당,1
김스시／（주）케이앤,1
조선면옥,1
빛나는 바다,1
어무이,1
띵크테이블,1
슬로푸드문화원,1
안성또순이 서울 종로구,1
㈜코코로벤또,1
카페네스카페,1
밀과보리,1
포항막회,1
돈궁 나주곰탕,1
통영해물가,1
백년옥한정식,1
보틀살롱,1
우미관,1
북창동한우정육마당,1
통돼지두루치기김치찌,1
활량리,1
신의주　찹쌀순대 서울 중구 서소문로 128-3,1
공정무역카페 중구 세종대로 110,1
더테이블한정식서울 중구 세종대로 124,1
곰갈비집,1
㈜이춘복 참치,1
잡어와묵은지,1
교동전선생신정점,1
순남시래기 시청역점,1
산낙지갯마을,1
이도식당 영등포구 국회대로68길11,1
성암산해물탕,1
지세포회집,1
복덩이,1
이북℉,1
무유도,1
옛날육개장,1
명인족발,1
종로낙지센타,1
가마솥김밥（시청점） 서울 중구 남대문로9길 52,1
나폴레옹,1
KFC서소문점,1
바닷가작은부엌 덕수궁정,1
종가김치찌개,1
화로담,1
강북희망협동조합／삼,1
일미옥불고기 홍성군 홍성읍 문화로72번길,1
까르따19,1
㈜루이쌍끄,1
히노아지,1
２８년전통　의정부,1
호면정 종로구 청계천로 35,1
순이네가게,1
미락복집,1
성소병원,1
２　Ｔｈｉｒｓｔｙ 서울 중구 다동길 30,1
삼청각,1
까볼로,1
옛날보신탕（돼지집）,1
샐러드스탑 시청점,1
브레덴코,1
계열사,1
미스터피자 중구 무교동 1번지,1
본도시락　단국대점,1
유로그로메,1
블랙,1
초선과여포,1
사계진미,1
삼진어묵㈜ 롯데본점,1
아소정,1
장독대김치찌개 서울 영등포구 의사당대로 38,1
조마루뼈다귀감자탕,1
미스터피자 종각점,1
산채향 중구 청계천로8 프리미어플레이스,1
이와니와요스케,1
모어덴스시,1
편백미가,1
흥부가 중구 서소문동 47-2,1
송림식당,1
산지물,1
열두달,1
바이오비즈 이나니와요스케,1
"일산커피공장, 서울 구로구 디지털로",1
영덕회식당（중구 무교동),1
모카커피이야기,1
셰프의 국수전,1
카페로뎀１９４,1
풍경소리,1
원자력병원 장례식장,1
황금오리,1
서해바다,1
㈜커피코리아,1
하모,1
윤경양식당,1
허머스키친 서울 용산구 이태원로,1
두루가,1
티라레미수,1
진포크촌돼지,1
광명식품,1
와우리장작구이,1
캠핑맥주,1
삼지,1
주식회사　혜만테크／,1
왕왕샤브샤브 서울 중구 을지로 6,1
강남동태찜,1
동네부엌,1
포　반트랑,1
ASADOR DONOSTIARRA,1
SFC광화문 디쉬룸,1
베스킨라빈스카페,1
양평누리해장국,1
폴앤폴리나광화문점,1
해조,1
주식회사　파리바게뜨,1
호랑이수산,1
아우네알펜시아점,1
브이아이피 참치,1
영풍문고 종로구 청계천로 41,1
숯불돼지촌,1
정식당 동대문구 답십리로 261,1
㈜스타벅스,1
토즈,1
강화정,1
DINEHALL,1
툭툭누들타이,1
대표항,1
PUB 24번가,1
서초사리원,1
주）서린낙지 종로구 종로 19,1
맥도날드시청점 중구 남대문로9길51,1
임진강한우마을 종로구 종로9길,1
라메르,1
청량휴카페,1
명동삼계탕 중구 태평로1가),1
커피공방,1
사조로하이참치,1
용궁해물샤브킹 중구 을지로1길46,1
한라담옛날불고기 무교점,1
실크로드 송림가,1
만점족대평로,1
김삼보 영등포구 국회대로780,1
밍1956,1
베스트,1
순대일번지,1
스타벅스 한국프레스센터점,1
진까스,1
시옷시옷 음식작업소,1
독도쭈꾸미,1
초원복집,1
그래뱅,1
고향산촌,1
롯데제과,1
이모네감자탕,1
키다리식품　（주）홍,1
상하이팰리스 써머셋점,1
교통회관,1
인사옥,1
김앤장 중구 무교로6,1
두루찌개３대,1
느린마을,1
함흥냉면,1
열빈（ 중구 세종대로21길 22）,1
구공탄곱창,1
도원화원,1
락앤웍　서울국제금융,1
바다활어횟집,1
놀부 부대찌개,1
갈릭화로,1
서울특별시립장애인 서울 중구 세종대로 110,1
한우향기,1
엄마손,1
배수사서울 중구 남대문로9길 12,1
동호민물장소,1
서울우유 치즈대리점,1
청실약국,1
한우리,1
우성식당,1
신의부부대찌개,1
fc회식 프레스센터 프레스쿨,1
장터식당,1
구이대학,1
동경1993,1
ＧＳ수퍼만리점,1
㈜이마트에브리데이 공릉동점,1
무교소호정 중구 무교로 17-25,1
육일슈퍼마켓,1
이빌리지,1
딴따라오뎅,1
종로소방서,1
동해수산-서울 중구 무교로,1
미소야,1
홀리데이,1
백제고기집,1
셰프의국수전,1
유로스타코리아,1
탕미옥제기점,1
맛있는순두부＆김치찜,1
주식회사 마카오도우,1
영덕회시장,1
화로구이,1
줄리에테,1
골목길,1
콩두에프앤 종로구 새문안로 55,1
위치스테이블,1
호시노켄켄 시청점,1
미스터빈커피,1
카페 에무 종로구 경희궁1가길7,1
쥬시 다동점,1
김이순장춘,1
도미노피자응암점,1
아리스타커피다동점,1
피자에땅서대문점,1
팔삼,1
우미추어탕,1
빚은 중구 세종대로64,1
신라다랑원,1
마블스,1
붙타는다동화로,1
엠즈푸드（주),1
이화수무교점 중구 다동길 16,1
지미 은평구 진흥로15길 18,1
솥뚜껑철판파전,1
해조스시 중구 세종대로22길,1
아궁이왕돌구이,1
황재코다리냉면,1
광화문　몽로 중구 세종대로21길 40,1
처마끝하늘풍경,1
명동대복,1
남도 한정식,1
씨제이제일제당（주） 중구 을지로5길 19,1
스시초이,1
개미푸드랩　주식회사,1
용평한우관,1
로키,1
낙원방앗간,1
이나이와요스케,1
사동집,1
정선할매곤드레밥 중구 세종대로 124,1
멘쯔,1
수불 광화문점,1
카페그레벵 중구 을지로23,1
화로여행,1
김영희　강남　동태찜,1
빠빠빠치킨,1
에이투지 카페 중구 세종대로,1
장모사랑,1
화해당 여의도점,1
낯선눈으로보다,1
HANNA INTERNATIONAL,1
（주）할매재첩국,1
더제이케이 키친박스 중구 서소문 134,1
제주나라,1
맘스탠드비스트로,1
바우네강원산골밥상,1
롯데쇼핑（주）롯데마트 서울역점,1
이화골,1
한국삭도공업（주）,1
AKEMI,1
맛밥두번째이야기,1
다복정,1
명동본가성산점,1
농장사람들,1
리프레쉬,1
와세다야스타일,1
서울연인단팥빵,1
주식회사 월화고기,1
서울특별시립장애인생산품점,1
GANGNAM KOREAN RESTAURANT,1
빵선생,1
행복플러스 시청역,1
주식회사　동원브이아 중구 세종대로22길,1
속시원한대구탕,1
바이오네이처,1
투뿔등심 광화문점,1
미락정,1
카페 회화나무,1
금수강산,1
fc외식 프레스센터,1
지실가든,1
올반대학로점,1
게이트２１（ＧＡＴＥ,1
동해,1
봄날,1
문라이팅,1
한솔,1
포석정식당 대구 동구 동대구로 462,1
양평신내서울해장국,1
킹크랩대게한상,1
합정오리농장,1
온더보더 광화문D타워점 서울 종로구,1
더치앤빈 서울 영등포구 국회대로70길 12,1
스파게티스토리,1
텀브커피（Ｔｈｕｍｂ,1
강남면옥 서울 종로구 신문로2가,1
삼라정,1
구팡동하매보쌈,1
대복 서울 중구 세종대로14길 22,1
엄니식당,1
연어사랑,1
정선할매곤드레 종로구 인사동8길13,1
식객촌 종로구 종로,1
삼정카페,1
주유별장-일반음식점,1
브루스톤,1
피자헛혜화점,1
여의도비,1
거제지심도,1
스타벅스 중구 소공로 112,1
Korean bbq,1
효자돈까스,1
송전일식,1
더에스엔에스,1
㈜미흥,1
에릭 카이저,1
스쿨스토어,1
박운용문어집 （중구 북창동 103-1),1
영광횟집,1
꽃담,1
참G골,1
띤띤　에스에프씨（서울 중구 세종대로 136),1
아키타,1
원주나주곰탕,1
본도시락서울시청점,1
동표골뱅이,1
함경면옥,1
에스프레사멘테일리,1
장터 중구 남대문로4가,1
카페코니퀸즈,1
잎,1
㈜해우지시청점,1
닐스,1
따빠스구르메,1
행복나무,1
미가한식 중구 남대문로9길40,1
원주추어탕서울 중구 무교로 17-27,1
카페마루,1
영덕회식당 중구 무교동 1,1
도미노피자 명동점,1
샹그릴라,1
가정식백반,1
에머이가락점,1
봉우리 식객촌,1
기소야 영등포구여의공원로101,1
버거킹시청역점,1
목포뻘낙지,1
아하바브라카,1
프레스센터프레스클 중구 태평로1가,1
맛나곱창,1
전라도식당,1
종로 황소곱창,1
대구왕뽈찜,1
투썸플레이스서울시청 서울 중구 무교로 6,1
남창당한약방,1
맛좋은집,1
도가네매운탕,1
롯데,1
MACEO RESTAURAN PARIS,1
알트윈,1
포베이　가산,1
민소한우 광화문점,1
현선이네 중구 서소문로11길 19,1
충무집 외 1,1
아그집봉담점,1
명동캉국수,1
지하자,1
할매추어탕,1
토프레소,1
산채촌,1
하남돼지집 중구 세종대로 66,1
곰국시집서울 중구 무교로 24,1
포램풍동점 고양시 일산동구 애니골길 118,1
늘솜 중구 무교로 97,1
나주곰탕 중구 세종대로 18길14,1
백제원　등촌점,1
이랜드파크켄싱턴,1
카페　그레벵（Ｃａｆ 중구 을지로 23,1
티와이,1
돌담콩,1
라피아짜 종로구 세종로,1
일품생고기,1
목포세발낙지 서울 중구 남대문로9길 20,1
고봉삼계탕 중구 명동3길 36,1
SEA PLACE,1
㈜다한우 중구 남대문로,1
인터넷우체국쇼핑,1
이조칼국수,1
황금목장,1
이나니와요스케 시청점,1
소롯골가든,1
한화호텔앤드리조트（중구 세종대로 124),1
하나비,1
스무디팅,1
더키친 살바토레 썸머,1
독토 영등포구 국회대로70길 7,1
충무김밥,1
향수,1
본가큰대설렁탕,1
㈜미스터피자,1
떼엠떼세,1
오로지김치찌개,1
황금복국코리 영등포구 국회대로70길 7,1
철판&부대찌개브라더,1
구세군유지재단법인,1
행복플러스시청점,1
산천가든,1
블리스가든,1
스타벅스 서울 중구 소공로,1
겐조라멘,1
비비큐,1
씨유바비엥점,1
봉평본가메밀촌,1
세븐일레븐서소문점,1
바른에프앤씨,1
나주곰탕 중구 북창동 42-2,1
은정한정식,1
포에인,1
자하손만두,1
FC 외식,1
바다정원,1
파더스김밥,1
본죽 시청점,1
불타는오리,1
카페　그레벵（중구 을지로),1
박순례손말이고기산정식,1
자연산 버섯돌이,1
안동국시서울 종로구 종로 14,1
서산진국집,1
（주）코리아세븐남산,1
스패누,1
본도시락 충무로점,1
여의민물장어 서울 영등포구 국제금융로 72,1
（주）월향 서울 중구 세종대로21길 40,1
두마,1
Ｂ．Ｈ．Ｃ종로관철점,1
본도시락 중구 세종대로 66-5,1
카페슬로비,1
장가네,1
THE KUNJIP NEW YORK US,1
남다른감자탕,1
램하우스,1
제주몬트락,1
한화 B&B,1
이황장어구이,1
꿈의숲　메이린,1
㈜감성타코,1
나주곰탕　나주전,1
㈜만족,1
TI COFFEE SHOP LAS VEGAS NV,1
고향산천,1
세림 서울 중구 다동 140,1
CAVALIER BLEU PARIS,1
마포곱창,1
가회동칼국수,1
홍어집,1
쥬시,1
㈜디쉬룸,1
Hiller,1
아시아공정네트워크,1
엄지식당,1
금원삼계탕,1
ROPPONGI INAKAYA,1
육대장　옛날전,1
（주）더삼다코리아,1
야마토 영등포구 국회대로 74길20,1
ｃｏｆｆｅｅ　１８９,1
호텔 프레지던트 식당,1
오감부대,1
사단법인　복합문화공,1
무교수호정 외 1,1
부산복집 영등포구 국회대로70길18,1
상암일미락,1
한국도미노피자,1
그라츠과자점,1
선광제분,1
하이디라오（유） 서울 중구 남대문로 78,1
닭한마리배터지는집,1
포반트랑,1
갯마을회집,1
잔,1
이스트웨스트,1
지구마을사회적협동조합 카페,1
스타킹크랩 서울 중구 남대문로1길 15,1
스테이크보스,1
웃는 돌참치,1
서울시청매점 을지 덕수궁길 15,1
크레마　디　몬타냐,1
어미가 중구 서소문로129,1
미다래 시청점,1
정육점,1
서촌길돈까스,1
㈜ 행복한식공간,1
월향 중구 세종대로 21길,1
FLAUTA ARIBAU BARCELONA ES,1
오리와꽃게,1
황부자 중구 을지로1길,1
본도시락　서울시청점서울 중구 세종대로 66-5,1
서교가든숯불갈비,1
THE MODERN PANTRY,1
노다지식당,1
남산왕돈까스,1
생고기제작소,1
HWAL A KWANG JANG,1
스타구어메이서비스,1
쎈다이,1
정석참치,1
시골보쌈,1
명동칼국수 중구일지로지하12,1
트레비아,1
스티븐스,1
호텔나모 식당,1
부철이네,1
돈궁 중구 다동길 27-3,1
혼신마켓 중구 세종대로136,1
혁신춘천닭갈비,1
설빙홍대점,1
영덕회식당시청점,1
동신참치 VIP점,1
EGON KARL JOHAN,1
이교,1
카페　하우스,1
빽다방월곡역점,1
레스토랑 24번가,1
㈜파리크라상,1
도가네 나주곰탕,1
이안,1
마포활어,1
사유,1
파스쿠찌목동,1
도람,1
삼거리포차,1
칠백식당 해운대구 좌동순환로446번길 17-9,1
팔도청국장 대구 중구 공평로,1
우가네가마솥국밥,1
이웃사촌,1
맥도날드 영등포,1
짬뽕스토리,1
섬,1
할머니국수,1
더테이스트,1
㈜예성한식,1
거성닭한마리,1
우두일식,1
서울삼계탕 서울 중구 남대문로1길 57,1
구룡산한식,1
우체국쇼핑,1
불불이족발,1
터미널Ｗ　ＰＨO,1
밥밥닷컴,1
카페,1
블랙드럼에스프레소,1
８８８포차까야 강동,1
오챠드１９７４,1
황장군,1
미우,1
반갑다하대포 서울 중구 을지로3길 26,1
"THE RITZ-CARLTON, MOSC MOSKVA RUS",1
쉼터산울림,1
TASHKENT PALACE NEW TASHKENT UZ,1
빠리하노이,1
팬아시아,1
더불어함께숲,1
햇빛마을뼈다귀,1
로시오빈코,1
크리스탈제이드핫팟레스토랑,1
진진바리,1
양촌추어탕,1
던킨앤도너츠,1
소적두,1
주식회사 청진옥해장,1
북창동청국장,1
장가네설렁탕,1
로운,1
창 영등포구 국회대로70길 15-1,1
토속추어탕,1
더후라이펜,1
개화산튀김집,1
어도,1
풍천뻘장어,1
북촌 한옥집,1
행복한베이커리,1
권명옥가마炙ち斂總,1
뉴프린스백숙집,1
곽만근갈비탕,1
할매순대,1
부원면옥서울 중구 남대문시장4길 41-6,1
바우고개,1
더직화쭈구미,1
레아,1
（주）썬앳푸드시추안,1
한라담　제주돼지　숯 서울 중구 무교로 21,1
수정사,1
이스탄불그릴,1
어원일식,1
세븐일레븐종로광화문,1
라그릴리아광화문점 종로구 청계천로 11,1
대관령한우촌,1
삼천포횟집,1
북촌도담,1
프레인글로벌,1
남평식당,1
해피머니,1
국회의원식당,1
신성 서울 종로구 서린동,1
씨유횡계목장점,1
울산대병원,1
청키면가 무교점,1
GS25수안보연수원,1
서울에서첫번째로잘하는커피집,1
후포등대,1
목포오리낙지,1
비엣콴（서울 종로구 북촌로4길 20),1
프레스클럽（중구 태평로1가),1
알쌈쭈꾸미vs38번가김치찌개,1
화선,1
대나무집,1
콩지POT지,1
표가네명품순두부,1
속초황태냉면,1
토프레소태평로점,1
여의도비어 영등포구 국회대로72길11,1
밀화,1
일품향,1
오주스,1
창고４３　강남점,1
굴마을 마포구청점,1
주식회사바랗,1
서울에서첫번째로잘하는찻집,1
SAGARRA BARCELONA ES,1
장위동유성집,1
마라샹궈（ｍａｌａ,1
본가신촌설렁탕,1
（주）행복한식공간（,1
누하의숲,1
뚝심시청점,1
킴스패스시청점,1
ＧＳ２５대방경남점,1
A S Restaurants Oy,1
",순남",1
고향칼국수,1
순희씨의　줄돔세꼬시,1
동원참치광화문본점,1
남해바다,1
（주）뚜리삼 서울 중구 청계천로,1
엔제리너스세종로점,1
레드차이나,1
（주）챠이난상암점,1
커피스미스드래프트,1
엔제리너스 커피,1
HAKKA RESTAURANT,1
명동타워빌딩,1
정통춘천닭갈비,1
６（ＹＵ：Ｋ）디타워 서울 종로구 종로3길 17,1
팔로피자,1
제니스까페（Ｊｅｎｎ,1
놀부보쌈과돌솥밥,1
치킨더비서여의도점,1
르메이에르소극장 서울 종로구 동숭길 55),1
버거뱅,1
벼리스타,1
왕대구뽈찜,1
굿밀,1
일산칼국수,1
소라횟집,1
강은갈비 김치찌개,1
카페세븐빚은,1
마포나룻터,1
세미식당,1
본설렁탕 무교점,1
살룬,1
야미,1
유한회사성전일식,1
벼랑순대국,1
소살리토,1
풍경이있는찻집,1
놀부서소문부대점,1
파리바게뜨 무교YG 중구 남대문로9길,1
동해도본점,1
농협안심축산물전문점,1
"비상기획관, 비상기획팀장등 7명",1
노량진농수산물납세조합,1
라씨합정역점,1
연순두부,1
빚은떡,1
어미가 서울 중구 서소문로,1
할머니추어탕,1
아리스타커피을지로점,1
이디아커피,1
부리따,1
청록,1
돝플러스,1
스타벅스 교대법원점,1
ALRK,1
마초갈비 영등포구 의사당대로38,1
제주도복집,1
청암회관,1
부자피자,1
주식회사 무화잠,1
（주）차차　광화문점 서울 중구 무교로 19,1
해녀와바다,1
더코너,1
오징어청춘강남,1
"（주）뚜리삼, 서울 중구 무교동",1
해연,1
아하바 중구 정동길 35,1
맥도날드　명지대,1
향원정,1
쌍쌍,1
봉피양마포,1
속초수련원,1
김천국,1
엘쁠라또 광화문,1
호아빈 중구 서소문로,1
달콤커피 광화문점,1
새마을식당 중구 세종대로20길 19,1
계림원구로디지털점,1
게머꼬회머꼬,1
판장종로구청점,1
왕비집 시청점 중구 무교로,1
정동집 중구 정동,1
（주）델리 서울 중구 을지로 30,1
양,1
시누키야 본점,1
돛퍼시픽스타,1
한육감 디타워점,1
보리밭 수제비,1
북촌연잎밥,1
대영기업 놀부,1
YORI,1
경조사비,1
양촌리화로숯불구이,1
단도락 후레쉬빌,1
（주）더루이광화문,1
섬마을식당 영등포구 국회대로76길 18,1
이재（ＯＫ）오케이돌,1
어촌,1
길손식당,1
화목순대국,1
돈까스　백반　삼겹살,1
서귀포오분작뚝배기,1
두레유,1
㈜아워홈 맘초이 ENA,1
식객촌 중구세종대로55,1
인사동　유기농　단팥,1
빈앤빌리스,1
투썸 광화문역점,1
HIBIKI,1
목포 세발낙지,1
광화문연탄집,1
이도감불고기브,1
토르,1
허브족발,1
（주）두웰푸드안동본,1
장박사부대찌개,1
오장면옥,1
레더라에쓰에프씨점（,1
다미,1
"행복한하루소바, 서울 중구 무교로",1
두진루,1
미식가,1
고래,1
창고４３시청점 중구 서소문로,1
꿈앤카페,1
용두동쭈꾸미,1
무보까국밥 대구 중구 달성로 37,1
광양불고기본가,1
금수복국 대치점,1
한양김밥,1
최가남도마당,1
코피타임,1
한국문화기술（주）,1
카페모니에,1
철판부대찌개브라더스,1
엔제리너스무교,1
로얄스케치,1
한육감 광화문점,1
잠보,1
에이치．티．씨,1
토원생구이,1
남도한식（정든님）,1
나주소　나주곰탕 종로구 자하문로2길 8,1
시조명동칼국수,1
카페아임홈,1
딘타이펑코리아,1
본도시락　（광화문점 서울 종로구 사직로8길 42,1
부대찌게,1
본도시락 시청점,1
연탄마을,1
로즈베이커리,1
BACCHUS SPISERI,1
소선재,1
커피명가,1
프레스센터 기자클럽,1
네이버예약 토다이,1
장대감나주곰탕,1
아구가,1
코리아세븐무교점,1
고래뱃속 서울 중구 다동길 16,1
동대문설렁탕,1
갈비명가,1
도로시엔,1
수백,1
브릭오븐㈜,1
장군족발,1
이것이고기다 용산구 한강대로,1
왕왕샤브샤브-서울 중구 을지로 6,1
커피투데이,1
돌담,1
청성옥,1
능이버섯백숙,1
먹보대장,1
토끼정,1
영농조합법인제주귀한 제주서귀포시 대포동서로,1
값진식육,1
주식회사뚝심（광화문,1
폴바셋　광화문　디타,1
야마야푸즈서비 외 1,1
서울시청 간담회장,1
청미식당,1
비와별닭갈비,1
뚜레쥬르 국회의사당 영등포구 의사당대로 1길,1
풍천임금님민물장어,1
（주）할리스에프앤비,1
유천칡냉면,1
짬뽕의달인,1
야레향,1
완산골명가여의공원점 서울 영등포구 의사당대로 38,1
제스코푸드,1
남도한식　고운님 중구 세종대로 82,1
두가헌유한회사,1
소문난 마산아구,1
GINZA REST. LLC-SERAFI DXB AE,1
호미곶,1
치맥ＧＳ그랑서울점,1
토평원조할매집,1
피자에땅영등포점,1
수림복국,1
고궁,1
"서울시청매점, 서울 중구 서소문동",1
캘리스코사보텐,1
투데이스,1
동해일식 중구 무교동,1
조양관,1
수담한정식,1
열빈（중구 세종대로21길）,1
오담과협동조합,1
돈돈돈까스,1
정인면옥 영등포구 국회대로76길10,1
동해수산 외 1,1
팔달통닭,1
고담2,1
한국피자헛　약수２호,1
남산복집 중구 무교동,1
마마스시청점,1
㈜뚜리삼 산채향,1
㈜ 브이아이피 참치,1
이자까야온,1
대관원,1
스트릿커피,1
로마네꽁티,1
진곰 중구 세종대로 9길,1
삼도일식 영등포구 여의도동 17-1,1
경복궁방이점,1
해초섬서,1
롯데쇼핑㈜ 서초구 효령로,1
㈜에스피씨 삼립,1
할리스세종로점,1
호이안,1
무교동원조낙지전문점,1
착한전복,1
폴바셋 서소문점,1
호야초밥참치전문점,1
터하집,1
임병주칼국수,1
양반가 전주시 완산구 최명희길 30-2,1
하늘광장카페,1
향미,1
만점족 태평로2지점,1
에프터워크33,1
투썸플레이스　광화문,1
（주）한화비앤비／빈 동대문구 왕산로,1
진사댁 중구 명동길 30-1,1
（주）아그라에비뉴,1
전가복,1
홉씨시청점,1
광화문한옥집,1
아리랑한식,1
㈜원흥루,1
푸른바다횟집,1
거목정,1
주）바이오비즈,1
만선횟집,1
시청 매점,1
피자 헛,1
원조남산돈까스,1
조개주막,1
현대시티아울렛　동대,1
스타벅스무교동점,1
성가네낙지마을,1
용뎅이매운탕,1
완도찜,1
국시랑만두,1
청년화로1987,1
할머니집순대,1
서여의도 해담채,1
향나무식당,1
부산돼지국밥,1
유스&스포츠프라자,1
엘쁠라또 중구 세종대로136,1
오향절면,1
아누통상,1
BBQ 종로본점,1
달구벌막창,1
글라세라떼,1
장사랑,1
태능참숯불돼지갈비,1
남매집 중구 남대문로1길 41,1
북경양꼬치,1
카페자연의길,1
탐스　내자동지점,1
지중해,1
주식회사비움과채움바,1
고래와 새우 영등포구 국회대로 70길 7,1
유텐실（ＵＴＥＮ　Ｓ,1
우도일식 중구세종대로124,1
서촌백년화로,1
주식회사광화문아띠／,1
보물수산,1
광하문양갈비,1
（주）소브스（ｓｏｖ,1
유로메,1
인사동여자만 종로구 인사동14길13,1
경복궁박광일스시,1
메종드라,1
파라바게터,1
서울시청구내식당 간담회장,1
이티앤제우스불,1
마마스 커피전문점,1
목포,1
충무집 중구 남대문로9길24,1
춘천골막국수,1
거구상사,1
앙스모멍,1
마장휴게소,1
라산티나,1
싱싱회 서울 영등포구 의사당대로 38,1
（주）한화비앤비／빈스앤베리,1
딩호 양고치,1
영산강,1
55번가&석관동떡볶이,1
백리향,1
오마이치킨,1
홍보석,1
국회의원식당카페,1
WOO BROS,1
주식회사　에이치앤더,1
코리아세븐편의점,1
옛날남원,1
남양유업 중구가정 대리점,1
농협유통하나로 영등포구 의사당대로1,1
ＣＧＶ용산아이파크몰,1
광화문국밥 중구 세종대로 21길 53,1
달콤커피 태평로점,1
행보한하루소바,1
엘뿔라또,1
향토칼국수 영등포구 국회대로 780,1
봉피양 경복궁점,1
퍼시픽스타,1
오징어청춘,1
CANGREJO LOCO BARCELONA ES,1
하머스치킨,1
청천농업협동조합 충북 괴산군 청천면,1
섬마을쭈꾸미,1
갈리나데이지,1
세븐일레븐 종로구 견지동,1
러스티,1
씨유망원우리점,1
메달하우스,1
PORT SUD RESTAURANG AB SKRHAMN,1
마을가족카페너른마루,1
과천숯불갈비,1
럽앤럽,1
해랑스시,1
충정로 소호정,1
마린아일랜드 영등포구 여의서로 160,1
생물조개짬뽕,1
더미 서청점,1
에이취엔블루우시오,1
카페너트,1
파스쿠찌종각알파빌딩점,1
황금복국 영등포구 국회대로70길 7,1
snowfox,1
요거프레소（동교점）,1
포도나무 종로구 사직로 108-1,1
더테이블 서울 중구 세종대로 124,1
프레이저플레이스 남대문,1
한라담 제주돼지숯,1
㈜추산에프앤비,1
사누카야,1
우아한집,1
카페꼼마,1
구평할매보쌈,1
하이서울유스호스텔,1
열빈 （광화문점）,1
에이치엠푸드,1
백린,1
우각씨앤에프-인터넷,1
워커힐파로그랜드,1
블루베리,1
희정식당,1
"엉터리생고기, 서울 중구 순화동",1
사조회참치,1
서서갈비북창동,1
씨제이푸드빌（주）투썸신촌,1
박대감화로구이 원주시 천사로43,1
롯데캐슬플라자,1
주)디쉬룸,1
동원참치촌,1
파절이삼겹살,1
풍어촌,1
마이샤브,1
우리집 순두부 중구 을지로3길,1
피자헛　성내２호점,1
다물선,1
남도요리（미농）,1
진짜배기명태촌,1
리움미술관,1
신세계,1
배할머니네,1
원당뼈다귀해장국 중구 서소문동,1
명동참치,1
주식회사서여의도해,1
조선의 한우,1
꼼생꼼사,1
살라댕,1
고래식당,1
칠갑청국장 서초구 서초동,1
오시정,1
주식회사키친보리에,1
콴쒸이광화문점,1
창고４무교점,1
청평민물매운탕,1
고료보쌈,1
수와래,1
삼원가든 본점,1
만남의　집,1
순천식당,1
봉심,1
훌리오,1
비사벌,1
동원민물장어-서울 중구 남대문로1길,1
이태리총각익선동지,1
미고백반（돈까스）,1
웰빙엄마손,1
리더스나인,1
오설록티하우스,1
홍대낚시꾼,1
타르트팜 한티점,1
다타이펑,1
이마트24,1
제형면옥,1
참숯바베큐치킨,1
루소랩　정동점,1
elysee,1
둘둘치킨 시청점,1
파리바게뜨 무교 YG타워점,1
이가네설렁탕,1
금성한우촌,1
（주)커피빈코리아,1
엉터리생고기 중구 순화동,1
한정식수라 평창군 평창읍,1
영양쎈타압구정점,1
（주）이씨엠디Ｍ서울,1
뚜리샴,1
자연별곡 종로구 종로3길 17,1
천회초밥,1
야쿠르트아줌마,1
현대옥카페,1
먹골닭한마리해물칼국,1
상상스테이,1
폴리스 종로구 종로3길17,1
우도일씩,1
카페베이트리상암점,1
미스터피자양재,1
제주흑돈 중구 청계천로 8,1
금도수산,1
로컬푸드키친,1
（주）참치공방 서울 종로구 종로9길 8,1
배꼽에프엔비,1
（주）대도에프앤비,1
미스터피자상암,1
자린고비굴비,1
백남관광（주）,1
동해도０２,1
청운숯불갈비,1
동해복어,1
공리,1
국빈,1
커피티져,1
신가원설렁탕 중구 을지로1길10,1
안동순대국,1
안래홍,1
마르셀,1
모모스테이크,1
강강술래 역삼점,1
별난명태,1
이화수무교점,1
경북상회,1
은마동,1
쥬씨　미아점,1
SAINT PIERRE,1
서울돈까스,1
북경 영등포구 국회대로76가길 11,1
아리랑식당,1
준호키친,1
투썸플레이스 중구 무교로 6,1
켄켄 중구 무교로 19,1
경복궁방이점（주）,1
포베이무교점 중구 무교동 45,1
케이에프씨 서소문점,1
부민옥 중구 다동 134-4,1
일번지식당,1
（주）해우리아이에프,1
가진화랑（갤러리카페,1
이레수산,1
내고향횡성한우,1
팡펑스,1
이태원천상여의도점 영등포구 국회대로68길 17,1
소양강 매기 매운탕,1
누 리,1
비엔나커피하우스,1
동해가진항횟집,1
알뜰골뱅이서울 중구 을지로3길 25-6,1
줄리앙와플,1
",미락식당",1
태평식당,1
팔팔식당,1
청목원,1
ダ獵 순두부,1
시립장애인생산품,1
LA북창동 순두부,1
아이닌,1
맞이방제과,1
차이옌,1
드롭탑,1
거제매물도해녀,1
"（주）위메프, 서울 구로구 디지털로",1
청주본가,1
풍년정,1
하루소바,1
아미원,1
예수병원,1
MYUZIK REKORDS ULYANOVSK RU,1
잘생긴밥상,1
（주）최수사,1
돈푸대　뒷고기,1
우포늪식당 창녕군 유어면,1
산적,1
코레일유통서부지사,1
이설당한과,1
할리스명동퍼시픽호텔,1
온더보더 광화문Ｄ타워점,1
（주）태맥을지점 서울 중구 을지로3길 34,1
（주）마리채에프씨,1
영금정활어회센터,1
（주）미진／광화문점,1
구운몽,1
남원고양푼이대구탕,1
싱잉가든,1
도깨비도 반한 찻집,1
야쿤코리아（주）서울,1
일품양평해장국,1
구름산추어탕,1
동아식품,1
로소비안코,1
고릴라석쇠구이,1
（주）삼천리이엔지／,1
"이대복집, 서울 중구 세종대로",1
장독대김치찌개,1
유어커피,1
왕산골명가,1
피노키오커피,1
Ristorante Morini New York US,1
양지식품,1
동해도광화문 （중구 북창동 103-1),1
비어할레 중구 을지로3길34,1
경동바지락칼국수,1
호남분식,1
１１７파크 서울 종로구 경희궁1길 16,1
금잔디,1
와라분식,1
５３１카페,1
참맛감자탕,1
투브,1
가원,1
（주）부자되세요　창고,1
미흥,1
신촌서서갈비（북창본점),1
불볶이와튀김범벅 시청점,1
씨엘,1
교동전성생,1
캠프히말라야,1
대찬횟집,1
오대산산채전문점,1
진선관,1
소국,1
대방성,1
호치킨,1
（주）붓처스컷,1
토그빈,1
원조함흥냉면본관,1
무교동북어국집 서울 중구 을지로1길 38,1
중구 무교로 17-25,1
옛날시골밥상,1
케르반,1
커피빈 순화동점,1
챠니스　델리,1
맘스터치 치킨,1
（주）아이스큐브／레,1
케이티링커스주식회사,1
이하바,1
비알코리아㈜시청역,1
황부자 중구 을지로1길 34,1
닥터로빈 중구 세종대로20길 23,1
라틀타이,1
（사）한남클럽,1
커피스미스,1
㈜자리,1
가배,1
㈜아시아아시아,1
대박식당,1
매드포갈릭 종로구 종로길,1
오성,1
봉피양／경복궁점,1
반갑다하대포 중구 을지로3길26,1
카페옆분식,1
만점족 태평로지점,1
（주）청담안,1
스시클럽,1
（주）미스터피자　서울 중구 명동9길 35,1
골드바틀 센터플레이스점,1
㈜이호E&F장독대,1
바달비,1
수유손칼국수,1
팔보면옥,1
하이로불닭 종로구 새문안로 87,1
돼지집,1
닭큐멘터리,1
홍박아구찜,1
카페（ｃａｆｅ．４,1
쏘렌토점,1
경성주막　１９２９,1
라그릴리아 광화문점 종로구 청계천로11,1
아워홈연세의료,1
트리플트리,1
（주）코니웰ｃｏｍ우,1
당진아구동태찜,1
해원아이엔씨,1
금산민속칼국수,1
키다리 식품㈜ 홍천휴게소,1
진동횟집 중구 세종대로14길18,1
소호정 무교점,1
더블유카페,1
꽃중년,1
송파소호정,1
청도양고기전문점,1
어미가 서울 중구 서소문로 129,1
부안식당,1
히말라야　어죽,1
만선회세꼬시,1
파리바게뜨 불광역점,1
무교동 유림낙지,1
이천쌀밥,1
찰스숯불김밥　시청점 서울 중구 을지로 6,1
샘반점,1
림벅 중구 덕수궁길 5,1
케이에스비케이,1
처가집 중구 세종대로14길6-16,1
온마을즉석두부＆옷,1
나폴리아,1
달다란,1
맛있는 순두부＆김치,1
이남장,1
향림원,1
경성함바그,1
교동두부,1
싱카이광화문,1
방앗간갈비,1
큐진더큐브,1
메이징메이 중구 세종대로 136,1
바르미스시뷔페,1
고봉삼게탕 영등포구 국회대로72길5,1
연와,1
림벅와플 덕수궁점,1
주식회사　무화잠,1
왕의한우,1
교수마을　초원복집,1
신다한,1
명인만두,1
육대장서울시청점,1
안성또순이 종로구 경희궁길18,1
서울시청서소문구내식당,1
라피아자,1
시편제,1
ＳＫ네트웍스（주),1
그냥밥집,1
밀레니엄,1
더플레이스　광화문Ｓ 서울 중구 세종대로 136,1
통일집,1
최고야 해물짬뽕,1
남산설렁탕,1
쇼윤,1
박속낙지,1
단빠,1
센트럴에프엔비유한회서울 중구 무교로,1
스미스가 좋아하는,1
경성양꼬치　서울시청,1
국빈관 영등포구 국회대로 750,1
MARINA MONCHO'S,1
맛난세상,1
신문로키친,1
（주）건원상사（미조리),1
두루,1
신가원　설렁탕서울 중구 을지로1길 10,1
본'김밥,1
CGV용산,1
가든테라스,1
청도,1
가메골 왕만두,1
고려　보쌈서울 중구 세종대로20길 23,1
본죽＆비빔밥 시청점,1
㈜파리크라상 천등산,1
㈜ 스타일카페,1
썬라이즈,1
봉피양（용산）,1
더테일블,1
핏제리아 꼬또 그랑서울,1
서울시청 연금매점,1
동경화로（문래점）,1
백남관,1
7017서울화반 중구 남대문로5가,1
더브릴리에웨딩홀,1
행복한베이커리&카페,1
오양참치,1
셀럽,1
라쿠치나서울대,1
피아이이,1
카페로뎀바이예다움,1
와인주막차차 차돌비빔밥,1
본죽＆비빔밥시청점,1
파워프랜트바이오티디,1
한식차가옥,1
심은식당,1
가야시,1
흥남부두,1
대영기업㈜놀부,1
물속세상금호점,1
곽수산 영등포구 여의도동,1
진도아리랑,1
판화사랑방,1
시골찌개마을,1
파리바게뜨　무교ＹＧ 외 2,1
올가니카,1
모모코,1
갯마을 낙지,1
신촌서서갈비（북창본,1
생어거스틴 마포구 양화로,1
고래와새우 서울 영등포구 국회대로70길 7,1
페르시안플레이스,1
동진정육식당,1
유다,1
프레스클럽 중구 세종대로 124,1
씨앤에프컴퍼니,1
장원,1
순남 영등포구 국회대로 780,1
CANAL GRANDE FLORIDA S VENEZIA VEIT,1
성북동면옥,1
㈜더루이지광화문지,1
고래뱃속 중구 다동길 16,1
이화수 서울북창점,1
홍참치앤초밥,1
본죽&비빔밥 시청점,1
루시올뱅,1
띤띤에스에프씨,1
킴스클럽 목동,1
왕비집 시청무교점,1
홉씨　시청점 서울 중구 무교로 19,1
거북이집,1
송가명가,1
육회자매집,1
（주）이춘복참치,1
도쿄팡야,1
부띠끄경성,1
세종대왕숯불갈비,1
반포남원추어탕,1
강강수올래,1
이랜드파크켄싱,1
참배나무골여의도점,1
커피스탑１／（주）에,1
주막,1
죠샌드위치＆커피,1
홍콩중국요리,1
원조영양탕,1
새집,1
캘리스코사보텐세종대,1
빚은정동점,1
피자에땅 영등포점,1
대선칼국수,1
함포고복 강원횡성군 서원면 월송석화로53,1
월순홍가네철판동태찜,1
상호브라카,1
원남복집,1
설가,1
불타는다동화로（서울 중구 을지로3길 33),1
서소문파리바게뜨,1
작가,1
샘어거스틴,1
MEIDI-YA SINGAPORE,1
Korean Charcoal BBQ Restaurant,1
고바우해장국,1
뚜섬프레이스,1
㈜순창성가정식품,1
동구나무,1
열빈 중구 태평로1가 태성빌딩,1
육대장 옛날전,1
주）미스터피자청계천점,1
월매네남원 추어탕,1
진향족발,1
만나한정식-서울 양천구 목동서로,1
파리파게트,1
남촌,1
수협가락공판중도매인협회,1
송파대박식당,1
㈜코아스,1
서소문연탄구이 서울 중구 서소문로,1
커피ｚｉｐ,1
테이스터스 영등포구 국제금융로20,1
신촌서서갈비（서울 중구 세종대로12길 25),1
포항죽도어시장,1
（주）식객촌　여의도,1
동원브이아아피,1
（주）에스피씨　삼립,1
㈜바닷가 작은부엌,1
붓처스컷 중구 세종대로136,1
아라미크서울대병원가든뷰,1
본도시락（서소문점,1
설리반스트리트 중구 을지로 지하 12,1
후포항동태매운탕,1
베키아에 누보,1
참이맛하계점,1
테이스터스 서울 용산구 한강대로 26,1
전선생,1
리틀타이 중구 태평로),1
왕왕수제비 시청점,1
바다마을,1
송백목감자탕,1
명천동태찜,1
족장,1
해천횟집,1
HILTON ST. PETERSBURG SHUSHARY PGT.RU,1
（주）열정과배려,1
무교동낙지 중구 덕수궁길,1
모글인터내셔날,1
실비생선구이,1
태권도진흥재단,1
미니스톱 뚝섬2호점,1
송학한정식,1
이디야（북한산점）,1
무교동수제비 중구 남대문로9길 40,1
디자인정책과,1
수사 광화문점,1
（주）부자되세요　창서울 양천구 목동서로 159-1,1
손탁식당,1
무교동유정낙지,1
호갈비,1
롯데월드몰 푸드코트 서래냉면,1
여자만해물탕,1
치킨매니아 중구 남대문로1길,1
루나틱 D타워점,1
고기의잔치,1
홍릉집,1
정선생국밥,1
박현자네더덕밥,1
황금어장,1
모다고다,1
초가삼계탕,1
포치민유한회사,1
빈즈앤배리,1
현대그린푸드,1
진진반상,1
㈜세원외식,1
복성각 중구 덕수궁길7,1
유정씨푸드,1
방선생 웃음밥상,1
화목 종로구 새문안로5길11,1
"유니코아, 교보문고",1
코리아세븐무교,1
옛고향,1
비스트로７４,1
문본가,1
인사마루,1
속초해물탕 서울 영등포구 여의도동,1
순샤이모즈,1
포포로　동경,1
현경,1
사계절,1
갯벌에어기바다에어차,1
수유리우동집,1
홍천식당,1
이마트왕십리점,1
YU CUISINE,1
예원,1
카페라비타,1
비빔대감,1
가시리여의도점 영등포구 국회대로74길 19,1
이마트 은평점,1
하마랑 서울 중구 을지로1가,1
스롤라인,1
동해도본점 영등포구 은행로25,1
복이요서울시청,1
홍수계찜닭 여의도,1
유가네닭갈비,1
옥션 서울 강남구 역삼동,1
맛의 단상,1
서울시립장애인,1
종로회관,1
하남돼지집（시청역점,1
용이네가마솥순대국,1
씨제이올리브영,1
양기상회,1
목련,1
스시산원,1
철판목장피맛골점,1
이나니와요스케 중구 을지로 6,1
화수목숯불갈비서울 영등포구 국회대로74길 20,1
（주）만점족 중구 서소문로,1
호텔그레이스뷰,1
마미청국장,1
예향 서울 중구 서소문로,1
연탄의추억,1
스무디킴,1
늘솜㈜,1
교촌치킨 독립문점,1
딸만셋냉면,1
프레스센터 프레스클,1
굽네치킨 경복궁점,1
레트로나파이,1
지구마을사회적협동,1
서소문청사,1
유한회사스타,1
에이치엘씨,1
제일수산,1
미숲관옆돈가스,1
이애이치앤,1
도토리카페,1
태광커머스,1
하오커서래본점,1
"빛（Ｌｉｇｈｔ）자루, 서울 중구 통일로",1
카페1883,1
（주）더한오리엔스호,1
식품안전과 직원,1
（주）마포옥하우스,1
스노욱폭스,1
여의도내장탕,1
구로두레생협,1
동네책방개똥이네책놀,1
롯데마트서울역점,1
육미&만선,1
혼신마켓　광화문점서울 중구 세종대로 136,1
누이애 단팥빵,1
웨딩스퀘어,1
청오디피케이（주）명,1
아이에스에프앤비,1
JUST FRUIT,1
베를린,1
교대이층집,1
하나미,1
개뿔,1
Kknchomsaphan,1
患摹,1
광주족발,1
동해도본점／동해도제 서울 영등포구 은행로 25,1
순라길,1
소잡는날 서울 서초구 남부순환로 2614-8,1
콩시랑,1
롯데쇼핑주식회사-핫텐도,1
김명자 굴국밥,1
청담이상,1
르빵더테이블,1
진주회관 서울 중구 세종대로11길 26,1
밀향기손칼국수,1
광화문 몽로 중구 세종대로,1
온정,1
파리바께뜨,1
삼진어묵 롯데본점,1
진국설렁탕,1
연세대학교생활협동조,1
우미곰치국물곰탕,1
